comments,during_time,language,location,rate,star,title,types
4497,117, 日语, 日本,7.8,40,命运之夜――天之杯II ：迷失之蝶,"剧情,动画,奇幻"
11477,86, 英语, 美国,7.2,35,爱宠大机密2,"喜剧,动画,冒险"
201628,98," 汉语普通话 , 英语", 中国大陆,6.9,35,飞驰人生,喜剧
39640,100, 英语, 美国,8.8,45,玩具总动员4,"喜剧,动画,奇幻"
138484,99, 汉语普通话," 中国大陆 , 美国",7.9,40,白蛇：缘起,"爱情,动画,奇幻"
53259,132, 英语, 美国,6.3,30,雷霆沙赞！,"动作,奇幻,冒险"
165492,116," 汉语普通话 , 英语", 中国大陆,6.4,30,疯狂的外星人,"喜剧,科幻"
111739,124, 英语, 美国,6.9,35,惊奇队长,"动作,科幻,冒险"
54495,175, 汉语普通话, 中国大陆,7.9,40,地久天长,"剧情,家庭"
12481,103," 粤语 , 汉语普通话"," 香港 , 中国大陆",5.7,30,追龙Ⅱ,"剧情,动作,犯罪"
132291,122," 英语 , 西班牙语"," 美国 , 加拿大 , 阿根廷",7.5,40,阿丽塔：战斗天使,"动作,科幻,冒险"
16728,109, 韩语, 韩国,7.6,40,恶人传,"剧情,动作,犯罪"
551109,125," 汉语普通话 , 英语 , 俄语 , 法语 , 日语 , 韩语 , 印尼语", 中国大陆,7.9,40,流浪地球,"科幻,灾难"
33659,99," 汉语普通话 , 粤语"," 中国大陆 , 香港",6.2,30,扫毒2天地对决,"剧情,动作,悬疑,犯罪"
227218,181," 英语 , 日语 , 科萨语", 美国,8.6,45,复仇者联盟4：终局之战,"动作,科幻,奇幻,冒险"
83524,104," 英语 , 日语"," 美国 , 日本",6.6,35,大侦探皮卡丘,"喜剧,动画,奇幻,冒险"
47189,104, 英语, 美国,7.4,35,驯龙高手3,"动画,奇幻,冒险"
105681,127, 英语, 美国,7.9,40,蜘蛛侠：英雄远征,"动作,科幻,冒险"
48697,111, 汉语普通话, 中国大陆,6.7,35,老师・好,剧情
18869,111," 韩语 , 汉语普通话 , 英语 , 日语", 韩国,7.7,40,极限职业,"喜剧,动作,犯罪"
13806,116, 英语," 美国 , 日本 , 中国大陆",6.5,35,我们,"悬疑,惊悚"
2683,132, 韩语, 韩国,9.2,45,寄生虫,剧情
18486,108, 汉语普通话, 中国大陆,3.8,20,神探蒲松龄,"喜剧,动作,奇幻"
27925,115, 英语, 美国,5.7,30,黑衣人：全球追缉,"喜剧,动作,科幻"
1070,111, 英语, 美国,6.8,35,夏福特,"喜剧,动作,犯罪"
7424,131," 英语 , 俄语 , 日语 , 意大利语", 美国,8.1,40,疾速备战,"动作,惊悚,犯罪"
20312,114, 粤语," 香港 , 中国大陆",5.4,25,廉政风云,"剧情,悬疑,犯罪"
39252,147, 汉语普通话, 中国大陆,6.2,30,银河补习班,剧情
13179,112, 英语, 美国,6.7,35,小飞象,"奇幻,冒险"
34765,110, 汉语普通话, 中国大陆,8.7,45,哪吒之魔童降世,"喜剧,动画,奇幻"
2005,93, 英语, 美国,5.9,30,哭泣女人的诅咒,"悬疑,惊悚,恐怖"
52156,128, 英语, 美国,7.8,40,阿拉丁,"爱情,歌舞,奇幻,冒险"
27992,122, 汉语普通话, 中国大陆,4.6,25,一吻定情,"喜剧,爱情"
55220,132, 英语, 美国,6.4,30,哥斯拉2：怪兽之王,"动作,科幻,冒险,灾难"
755,116, 法语, 法国,7.2,35,狼嚎,"战争,灾难"
5011,105, 日语, 日本,8.4,40,行骗天下：运势篇,"剧情,喜剧"
835,106, 英语, 美国,5.7,30,之后,"剧情,爱情"
2752,101, 英语, 美国,5.7,30,宠物坟场,"悬疑,惊悚,恐怖"
2461,129, 韩语, 韩国,7.7,40,证人,"剧情,惊悚"
6501,90, 汉语普通话, 中国大陆,3.4,15,人间・喜剧,喜剧
3480,122, 韩语, 韩国,7.1,35,娑婆诃,"剧情,悬疑,惊悚"
12058,116, 英语, 美国,8.0,40,五尺天涯,"剧情,爱情"
1323,121, 英语," 英国 , 美国",7.2,35,火箭人,"剧情,同性,音乐,传记"
1354,107, 韩语, 韩国,6.7,35,女警,"喜剧,动作,悬疑,犯罪"
11125,100, 汉语普通话, 中国大陆,5.7,30,阳台上,剧情
1366,83, 汉语普通话, 中国大陆,5.3,25,碟仙,"惊悚,恐怖"
830,125, 英语, 美国,6.8,35,全民追女王,喜剧
3669,114, 韩语, 韩国,8.2,40,我的一级兄弟,喜剧
7512,99, 汉语普通话," 台湾 , 中国大陆",2.8,15,下一任：前任,爱情
6941,96, 英语, 美国,6.9,35,一条狗的回家路,"剧情,冒险"
1633,97, 英语, 美国,6.1,30,谋杀疑案,"喜剧,动作,爱情,悬疑"
5971,88, 汉语普通话, 中国大陆,6.7,35,熊出没・原始时代,"喜剧,动画,冒险"
53715,118, 英语, 美国,7.4,35,狮子王,"剧情,动画,冒险"
1313,92, 汉语普通话," 中国大陆 , 台湾",3.7,20,我的青春都是你,"剧情,爱情"
4821,129, 英语, 美国,6.4,30,玻璃先生,"悬疑,惊悚,犯罪"
873,151," 俄语 , 塞尔维亚语 , 英语"," 俄罗斯 , 塞尔维亚",7.5,40,巴尔干边界,"动作,战争"
1405,91, 英语, 美国,5.5,30,魔童,恐怖
4963,122, 韩语, 韩国,7.0,35,我身体里的那个家伙,"剧情,喜剧"
1017,108, 英语, 美国,6.7,35,极端邪恶,惊悚
2295,101, 英语, 美国,6.2,30,两大无猜,喜剧
282,93," 汉语普通话 , 英语"," 中国大陆 , 泰国 , 马来西亚",4.9,25,看不见的小孩,"悬疑,恐怖"
6284,96, 汉语普通话, 中国大陆,4.8,25,如影随心,"剧情,爱情"
7327,111, 日语, 日本,7.5,40,哆啦A梦：大雄的月球探险记,"剧情,动画"
2199,105, 英语, 美国,7.2,35,高材生,喜剧
1269,87," 英语 , 汉语普通话", 美国,4.0,20,金蝉脱壳3：恶魔车站,动作
864,106, 英语, 美国,6.1,30,安娜贝尔3：回家,"悬疑,惊悚,恐怖"
6262,118, 英语," 美国 , 德国",6.9,35,极线杀手,动作
1090,120, 日语, 日本,8.0,40,我们是小僵尸,"剧情,音乐"
291,88, 粤语, 香港,4.4,20,你咪理，我爱你！,"喜剧,爱情,歌舞"
566,101, 韩语, 韩国,5.0,25,0.0兆赫,恐怖
2370,119, 英语," 英国 , 挪威 , 加拿大 , 美国 , 法国 , 德国",6.7,35,冷血追击,"剧情,动作,惊悚,犯罪"
1193,, 日语, 日本,6.2,30,世界奇妙物语 2019雨之特别篇,"剧情,奇幻"
669,88, 英语," 加拿大 , 挪威 , 美国",5.5,30,拍栗得,"剧情,惊悚,恐怖"
341,90," 汉语普通话 , 粤语"," 中国大陆 , 香港",3.7,20,潜行者,"喜剧,动作,爱情,犯罪"
801,120, 韩语, 韩国,7.5,40,生日,剧情
513,114, 韩语, 韩国,7.5,40,陪审员,剧情
631,103, 汉语普通话, 中国大陆,6.8,35,周恩来回延安,"剧情,历史"
4384,92, 粤语," 中国大陆 , 香港",5.9,30,家和万事惊,"喜剧,家庭"
1354,101, 汉语普通话, 中国大陆,6.9,35,陈翔六点半之重楼别,"喜剧,爱情,戏曲"
1473,124, 英语, 爱尔兰,7.7,40,教授与疯子,"剧情,传记"
641,108, 英语," 英国 , 美国 , 德国",6.4,30,余波,"剧情,爱情,战争"
763,120, 汉语普通话, 中国大陆,4.2,20,八子,"动作,历史,战争"
4377,82, 汉语普通话, 中国大陆,3.5,20,双生,"爱情,悬疑"
356,119," 英语 , 俄语"," 法国 , 美国",7.6,40,安娜,"动作,惊悚"
1065,92, 英语," 芬兰 , 德国",5.0,25,钢铁苍穹2：即临种族,"喜剧,动作,科幻"
354,116, 英语, 英国,6.5,35,昨日奇迹,"喜剧,音乐,奇幻"
1886,132, 英语, 美国,7.3,35,劫匪,"剧情,悬疑,惊悚,犯罪"
3007,92, 英语," 英国 , 美国",7.7,40,脱欧：无理之战,剧情
83,97, 汉语普通话, 中国大陆,,0,猪八戒・传说,"喜剧,奇幻"
204,, 英语, 美国,,0,星球大战9：天行者崛起,"动作,科幻,冒险"
455,98, 越南语, 越南,6.1,30,二凤,"剧情,动作"
136,90, 粤语, 香港,4.7,25,如珠如宝的人生,"剧情,喜剧,动作"
5453,81," 汉语普通话 , 英语"," 中国大陆 , 英国",3.9,20,小猪佩奇过大年,"动画,歌舞,家庭,儿童"
330,98," 英语 , 汉语普通话 , 日语", 美国,7.9,40,别告诉她,"剧情,喜剧"
232,, 英语," 美国 , 中国大陆",,0,终结者：黑暗命运,"动作,科幻,冒险"
3333,104, 汉语普通话, 中国大陆,4.3,20,秦明・生死语者,"悬疑,犯罪"
3504,125," 英语 , 西班牙语 , 葡萄牙语", 美国,6.3,30,三方国界,"动作,犯罪,冒险"
1089,115, 韩语, 韩国,6.6,35,钱,犯罪
93,96, 汉语普通话, 中国大陆,,0,紫禁秘录,"爱情,悬疑,古装"
931,112, 韩语, 韩国,7.2,35,奇妙的家族,"喜剧,恐怖"
1177,92, 英语," 美国 , 加拿大",5.9,30,神童,"惊悚,恐怖"
1280,90, 汉语普通话, 中国大陆,3.4,15,转型团伙,喜剧
506,127, 韩语, 韩国,6.6,35,恶霸警察,"剧情,犯罪"
952,87, 英语, 美国,7.3,35,蝙蝠侠大战忍者神龟,"动作,动画,冒险"
278,93, 英语, 美国,5.0,25,惊天复制,"科幻,惊悚,恐怖"
100,, 汉语普通话, 中国大陆,,0,捉妖大仙2,"爱情,奇幻,古装"
1514,104, 汉语普通话, 中国大陆,2.9,15,蓝色生死恋,爱情
94,123, 汉语普通话," 中国大陆 , 新加坡",,0,长风镇,剧情
887,25, 韩语, 韩国,7.3,35,人格四重奏,剧情
74,65, 英语, 美国,7.9,40,阿兹・安萨里：此时此刻,喜剧
337,90, 汉语普通话, 中国大陆,6.1,30,镇魔司：苍龙觉醒,"动作,奇幻,武侠,古装"
1350,88, 英语, 美国,5.8,30,难道不浪漫,"喜剧,爱情,奇幻"
502,116, 日语, 日本,8.7,45,行骗天下 剧场版,"喜剧,悬疑"
1386,109, 汉语普通话, 中国大陆,2.9,15,欲念游戏,"科幻,悬疑,犯罪"
335,96, 韩语, 韩国,5.4,25,致命之旅,"惊悚,恐怖"
775,82, 日语, 日本,7.0,35,甲铁城的卡巴内瑞：海门决战,"剧情,动作,动画"
43,84, 汉语普通话, 中国大陆,,0,喜剧人之冒牌杀手,喜剧
649,133, 日语, 日本,6.8,35,假面饭店,"剧情,悬疑,犯罪"
123,105, 汉语普通话, 中国大陆,,0,动物出击,"科幻,冒险"
380,104, 日语, 日本,6.7,35,吉娃娃,剧情
414,88, 日语, 日本,6.6,35,后街女孩,剧情
29,, 英语, 美国,,0,纳尼亚传奇4：银椅,"奇幻,冒险"
39,, 日语, 日本,7.2,35,关于我转生变成史莱姆这档事 OAD,动画
985,90, 汉语普通话, 香港,2.5,15,最佳男友进化论,"喜剧,爱情"
102,, 英语, 美国,,0,第一滴血5：最后的血,"动作,惊悚,冒险"
1170,133, 韩语, 韩国,6.3,30,逃组,动作
381,103, 英语, 美国,6.4,30,丧尸未逝,"喜剧,恐怖"
151,126, 日语, 日本,6.1,30,爱歌：约定的承诺,爱情
1099,96," 英语 , 汉语普通话 , 泰语 , 印尼语 , 粤语"," 泰国 , 中国大陆 , 香港 , 美国",4.5,25,三重威胁之跨国大营救,动作
8143,, 汉语普通话, 中国大陆,,0,站住！小偷,喜剧
200,90, 英语, 美国,6.3,30,鬼娃回魂,恐怖
268,101, 法语, 法国,7.9,40,你觉得我是谁,剧情
4142,112, 西班牙语, 西班牙,8.7,45,痛苦与荣耀,"剧情,同性"
54,100, 法语, 法国,7.1,35,神秘的亨利・皮克,"剧情,喜剧"
1206,87, 英语, 美国,6.8,35,超人王朝,"动作,科幻,动画"
2656,113, 汉语普通话, 中国大陆,3.9,20,素人特工,"喜剧,动作,冒险"
779,108, 英语," 英国 , 美国",6.4,30,为家而战,"剧情,喜剧,传记,运动"
231,, 日语, 日本,6.8,35,隐匿于冬 2019年夏季篇 ~夏天也冻得要死~,"剧情,喜剧"
53,50, 汉语普通话, 中国大陆,,0,课间休息,剧情
39,95, 汉语普通话, 中国大陆,,0,忽然少年,"剧情,喜剧,爱情"
113,85, 英语, 比利时,5.1,25,女王的柯基,"喜剧,动画"
304,92, 英语, 美国,6.5,35,大人物,"喜剧,爱情"
301,96, 韩语, 韩国,7.3,35,未成年,剧情
166,100, 汉语普通话, 中国大陆,,0,铤而走险,"剧情,犯罪"
63,76, 汉语普通话, 中国大陆,,0,惊雷传说之无界,"爱情,奇幻"
188,98," 法语 , 英语"," 法国 , 比利时",6.7,35,干预,"剧情,动作,战争"
3,85, 英语, 美国,,0,玩偶,恐怖
28,100, 英语, 美国,5.1,25,谎言与偷窃,犯罪
678,80, 汉语普通话, 中国大陆,3.4,15,鬼吹灯之巫峡棺山,"悬疑,惊悚,冒险"
906,156, 英语, 美国,5.4,25,第91届奥斯卡颁奖典礼,真人秀
255,133, 英语, 美国,7.4,35,最佳敌人,"剧情,传记,历史"
1110,113, 英语, 英国,8.0,40,驭风男孩,剧情
1363,98," 汉语普通话 , 英语", 中国大陆,3.3,15,大侦探霍桑,"喜剧,动作,悬疑"
48,65, 英语, 美国,7.7,40,凯瑟琳・赖恩：耀眼如初,喜剧
21,90, 汉语普通话, 中国大陆,,0,御前夜巡使,"动作,悬疑,奇幻,古装"
227,123, 泰语, 泰国,5.6,30,美杜莎之吻,恐怖
984,," 粤语 , 汉语普通话"," 香港 , 中国大陆",2.8,15,唐伯虎点秋香2019,"喜剧,奇幻,古装"
159,108, 粤语, 香港,4.3,20,入铁笼,动作
221,110, 英语, 美国,6.4,30,朽木,西部
354,120, 英语," 英国 , 美国",5.5,30,王者少年,"奇幻,冒险"
591,89, 英语, 美国,5.8,30,完美约会对象,"喜剧,爱情"
433,107," 汉语普通话 , 粤语"," 中国大陆 , 香港",,0,小Q,剧情
138,90, 汉语普通话, 中国大陆,5.7,30,狂怒的金佛,剧情
588,107, 英语, 美国,7.7,40,劣迹斑斑,"音乐,传记"
3570,, 汉语普通话, 中国大陆,,0,上海堡垒,"爱情,科幻,战争"
309,87, 英语, 美国,2.7,15,阿拉丁历险记,"奇幻,冒险"
1436,109, 英语, 美国,5.6,30,天鹅绒圆锯,"剧情,悬疑,惊悚"
11,90, 英语, 美国,,0,绑定,惊悚
240,95," 英语 , 西班牙语"," 瑞士 , 英国 , 法国 , 美国",5.9,30,海滩流浪汉,喜剧
360,93, 英语, 美国,6.1,30,偷心女盗,喜剧
19,, 日语, 日本,,0,精灵宝可梦：超梦的逆袭・进化,"动作,动画,家庭"
6614,138, 汉语普通话, 中国大陆,,0,少年的你,"剧情,爱情"
640,77, 英语, 美国,6.3,30,正义联盟大战致命五人组,"动作,动画,奇幻"
138,92, 汉语普通话, 中国大陆,3.8,20,新河东狮吼,"喜剧,爱情,古装"
360,75, 汉语普通话, 中国大陆,4.3,20,小镇车神之五菱漂移,
113,102, 英语, 美国,5.8,30,侵入者,"剧情,悬疑,惊悚"
148,120, 泰语, 泰国,7.0,35,友情以上,"喜剧,爱情"
231,78," 汉语普通话 , 日语", 中国大陆,6.3,30,刺杀风云,"剧情,动作"
2102,165, 汉语普通话, 中国大陆,,0,八佰,"剧情,历史,战争"
435,120, 印地语, 印度,7.6,40,遇见女孩的感觉,"剧情,喜剧,爱情"
67,104, 英语, 美国,7.9,40,自卫艺术,喜剧
22,68, 汉语普通话, 中国大陆,,0,超级整蛊霸王,喜剧
11,77, 英语, 美国,,0,克林顿鬼道,恐怖
101,105, 英语, 美国,5.1,25,加密货币,"剧情,惊悚,犯罪"
144,81, 汉语普通话, 中国大陆,3.2,15,宋慈洗冤录,"动作,悬疑,武侠,古装"
441,105, 英语," 奥地利 , 英国 , 德国",6.3,30,小小乔,"剧情,科幻"
271,113, 武汉方言," 中国大陆 , 法国",,0,南方车站的聚会,"剧情,犯罪"
40,99, 英语, 美国,5.2,25,保险库,"剧情,犯罪"
75,73, 日语, 日本,6.9,35,永远的长老：命名北海道的男人松浦武四郎,"剧情,传记,历史"
138,118," 法语 , 英语"," 法国 , 比利时",8.1,40,再见钟情,"喜剧,爱情"
1,, 英语, 美国,,0,拉入地狱,"惊悚,恐怖"
107,80, 汉语普通话, 中国大陆,5.5,30,江海渔童之巨龟奇缘,动画
60,120, 英语, 美国,7.1,35,旧金山的最后一个黑人,剧情
45,89, 英语, 美国,5.9,30,南希・德鲁和隐藏的楼梯,"剧情,家庭,犯罪"
21,66, 汉语普通话, 中国大陆,,0,寻龙契约2龙炼,
123,118, 韩语, 韩国,6.4,30,自行车王严福童,传记
209,72, 日语, 日本,5.8,30,罗布奥特曼剧场版：决定了！羁绊的水晶,"喜剧,动作,科幻,儿童"
695,96, 日语, 日本,7.0,35,若能与你共乘海浪之上,"爱情,动画,奇幻"
310,90, 英语, 爱尔兰,5.2,25,地面之洞,恐怖
48,90," 粤语 , 汉语普通话"," 香港 , 马来西亚",4.2,20,玩转全家福,喜剧
331,112, 日语, 日本,8.6,45,代号基亚斯：复活的鲁路修,动画
92,96, 汉语普通话, 中国大陆,,0,送我上青云,剧情
130,118, 德语, 德国,7.0,35,系统破坏者,剧情
99,165, 英语, 美国,,0,好莱坞往事,"剧情,惊悚,传记,犯罪"
230,98, 英语, 美国,5.1,25,环球卫士,"科幻,冒险"
196,134, 日语, 日本,7.2,35,王者天下,"剧情,战争"
73,77, 法语, 法国,7.5,40,鹿皮,喜剧
6,, 日语, 日本,,0,警视厅搜查一课长 新特别篇,
62,, 日语, 日本,9.1,45,剧场版 吹响！上低音号～誓言的终章～,动画
563,77, 汉语普通话, 中国大陆,6.3,30,滚动的钢蛋,喜剧
100,, 日语, 日本,4.8,25,放射治疗室特别篇：启程,
309,101, 英语, 美国,5.3,25,俄国新娘,"惊悚,恐怖"
196,144, 韩语, 韩国,5.8,30,偶像,"惊悚,犯罪"
520,117, 日语, 日本,5.7,30,杀手餐厅,"剧情,动作"
165,99, 英语, 美国,5.6,30,马大姐,"惊悚,恐怖"
240,125, 日语, 日本,6.7,35,死命：刑警的时间,"剧情,犯罪"
637,104, 汉语普通话, 中国大陆,5.9,30,最后的日出,科幻
162,103, 英语, 美国,5.5,30,酒乡,喜剧
291,138, 印地语, 印度,5.5,30,乌里：外科手术式打击,"剧情,动作,战争"
419,96, 英语, 美国,4.8,25,少女地球守护者,科幻
740,102," 英语 , 西班牙语"," 哥伦比亚 , 阿根廷 , 荷兰 , 德国 , 瑞典 , 乌拉圭",8.1,40,猴子,"剧情,惊悚"
96,102, 英语, 美国,7.1,35,深夜秀,"剧情,喜剧"
19,93, 汉语普通话, 中国大陆,,0,匠心,剧情
124,188, 汉语普通话, 中国大陆,8.0,40,哔哩哔哩2019拜年祭,"喜剧,动画,音乐,歌舞"
21,70, 汉语普通话, 中国大陆,,0,七品神探,"喜剧,悬疑"
9,77, 日语, 日本,,0,さよなら家庭教,
54,116, 印尼语 Indonesian, 印尼 Indonesia,4.4,20,第三只眼 2,恐怖
37,100, 英语, 加拿大,4.5,25,绑架地球人,"科幻,惊悚,恐怖"
696,174, 日语, 日本,7.4,35,悲惨世界：没有终点的旅途,剧情
296,107, 日语, 日本,7.9,40,飞翔吧！斡,喜剧
17,80, 汉语普通话, 中国大陆,,0,逆光岁月,"剧情,同性"
57,, 英语, 英国,8.2,40,国家剧院现场：我相信的事,
7,, 汉语普通话, 中国大陆,,0,万圣夜惊魂,"悬疑,惊悚"
85,65, 汉语普通话, 中国大陆,,0,张震讲故事之归宿,恐怖
298,72, 汉语普通话, 中国大陆,5.3,25,傀儡姬,"悬疑,奇幻"
12,125," 挪威语 , 英语", 挪威,,0,极地先锋,剧情
15,154, 印地语 Hindi, 印度 India,,0,Super 30,"剧情,传记"
262,, 汉语普通话, 中国大陆,7.8,40,德云社戊戌年封箱庆典2019,"喜剧,戏曲"
13,175, 泰卢固语, 印度,,0,圣者,"剧情,动作"
215,106, 汉语普通话, 中国大陆,,0,鼠胆英雄,喜剧
467,87, 汉语普通话, 中国大陆,3.4,15,人鱼江湖,"动作,武侠,古装"
15,113, 日语, 日本,,0,新闻记者,"剧情,悬疑,惊悚"
85,111, 日语, 日本,8.6,45,普罗米亚,"剧情,科幻,动画"
55,, 日语, 日本,8.0,40,鲁邦三世・峰不二子的谎言,动画
84,80, 英语, 美国,7.5,40,乐高DC蝙蝠侠：家族事务,"喜剧,动画,犯罪"
206,112, 英语, 美国,7.0,35,托尔金,"剧情,传记"
617,94," 阿拉伯语 , 法语 , 英语"," 英国 , 美国",5.3,25,贴身女保镖,"动作,惊悚"
799,90, 汉语普通话, 中国大陆,3.0,15,钢铁飞龙之奥特曼崛起,"动作,科幻,动画"
617,103, 法语, 法国,8.3,40,悲惨世界,剧情
78,103, 汉语普通话," 台湾 , 德国 , 马来西亚 , 缅甸",5.8,30,灼人秘密,剧情
1,170,, 英国,,0,罗密欧与朱丽叶,
10,141, 日语, 日本,,0,宇多田光Laugher in the Dark 2018 巡回演唱会,音乐
17,, 汉语普通话, 中国大陆,,0,封神传说之妖狐王妃,"动作,爱情,奇幻,古装"
112,81, 英语, 美国,4.8,25,房屋出租,惊悚
340,104, 汉语普通话, 中国大陆,4.4,20,差等生乔曦,"剧情,喜剧"
407,85, 汉语普通话, 中国大陆,4.3,20,兴风作浪,"喜剧,爱情"
51,87, 英语, 美国,4.1,20,只属于我,惊悚
41,176, 印地语, 印度,,0,卡兰克,"剧情,爱情,历史"
464,90, 汉语普通话, 中国大陆,4.4,20,羞答答的铁男,喜剧
76,89, 英语, 美国,5.7,30,神秘慈善家,喜剧
92,78, 汉语普通话, 中国大陆,,0,花与将,"剧情,爱情,奇幻"
126,96, 俄语, 俄罗斯,5.8,30,拯救列宁格勒,"剧情,爱情,战争"
202,87, 韩语, 韩国,4.6,25,怎么就结婚了,"喜剧,爱情"
123,94, 英语, 菲律宾,4.7,25,心仇,"动作,惊悚,犯罪"
257,60, 英语, 英国,5.9,30,神秘博士元旦特辑：新年决心,"科幻,悬疑"
142,64, 英语, 美国,7.6,40,安东尼・杰塞尼克：产房一把火,真人秀
26,112, 韩语, 韩国,7.4,35,梦想,爱情
5,, 粤语, 香港,,0,t薏米花生,
9,,, 台湾,,0,杀人之夏,悬疑
266,119, 日语, 日本,8.0,40,七个会议,
194,93, 汉语普通话, 中国大陆,,0,花儿与歌声,"剧情,家庭,儿童"
847,90," 粤语 , 汉语普通话"," 香港 , 中国大陆",,0,催眠・裁决,"动作,犯罪"
25,101, 汉语普通话, 台湾,,0,乳。房,剧情
9,, 日语, 日本,,0,东京食尸鬼 真人版2,"剧情,恐怖,奇幻"
53,150, 汉语普通话, 中国大陆,,0,春江水暖,剧情
110,86, 汉语普通话, 中国大陆,,0,午夜怪谈,"悬疑,惊悚,恐怖"
113,80, 汉语普通话, 中国大陆,,0,盗浪淘沙,"爱情,悬疑,奇幻,冒险"
324,120, 汉语普通话, 中国大陆,,0,烈火英雄,剧情
155,96, 汉语普通话, 台湾,6.9,35,握三下，我爱你,"剧情,爱情"
55,60, 日语, 日本,7.1,35,Build NEW WORLD 假面骑士Cross-Z,动画
91,109, 英语, 美国,5.8,30,告别高中的夏天,喜剧
4,77, 韩语, 韩国,,0,我妈妈的朋友2,情色
320,69, 汉语普通话, 中国大陆,5.8,30,四大名捕之食人梦界,"动作,奇幻,武侠"
29,, 日语, 日本,7.8,40,天使降临到了我身边！ OVA,"喜剧,动画"
96,89, 汉语普通话, 中国大陆,,0,法医密码,"剧情,悬疑,犯罪"
312,116, 日语, 日本,7.1,35,再见，嘴唇,"同性,音乐"
103,89, 汉语普通话, 中国大陆,,0,洗罪,犯罪
31,145, 葡萄牙语, 巴西,,0,隐形的女人,剧情
2,74, 英语, 美国,,0,企鹅联盟,动画
7,92, 汉语普通话, 中国大陆,,0,乾坤镯,"剧情,古装"
11,94, 英语, 英国,,0,伤口,"剧情,悬疑,恐怖"
10,87," 粤语 , 汉语普通话"," 中国大陆 , 香港",,0,真假铁马骝,"剧情,动作"
418,134, 英语, 美国,,0,速度与激情：特别行动,"喜剧,动作,冒险"
87,," 汉语普通话 , 泰语", 中国大陆,,0,巅峰营救,"剧情,动作,战争,犯罪"
38,100, 汉语普通话, 中国大陆,,0,老公去哪了,"喜剧,爱情,家庭"
66,102, 英语, 美国,5.5,30,回火2,"剧情,动作,犯罪"
229,88, 汉语普通话, 中国大陆,,0,悟空奇遇记,"喜剧,动画"
46,93, 英语, 美国,6.4,30,居无定所,"剧情,惊悚"
249,86, 汉语普通话, 中国大陆,3.9,20,齐天大圣之火焰山,"喜剧,动作,爱情,古装"
377,119, 法语, 法国,6.0,30,鲁贝之灯,"剧情,犯罪"
44,,, 美国,5.9,30,爆裂兄弟,"惊悚,犯罪"
266,143, 日语, 日本,6.5,35,大奥 最终章,"剧情,历史,古装"
22,, 日语, 日本,7.0,35,假面骑士时王 外传 RIDER TIME SHINOBI,"动作,科幻"
197,104, 日语, 日本,7.6,40,猫与爷爷,剧情
145,110, 意大利语, 意大利,7.2,35,少年黑手党,剧情
322,80, 汉语普通话, 中国大陆,7.7,40,巧虎大飞船历险记,"动画,儿童"
13,, 印地语, 印度,,0,给我你的爱,"喜剧,爱情"
176,115, 汉语普通话, 中国大陆,6.4,30,武者,动作
7,, 汉语普通话, 中国大陆,,0,美猴王之真假孙悟空,
7,84, 汉语普通话, 中国大陆,,0,天池水怪,"剧情,动画,冒险"
7,99, 汉语普通话, 中国大陆,,0,记忆小偷,"喜剧,爱情,奇幻"
233,140, 汉语普通话, 中国大陆,,0,火箭少女101飞行演唱会*广州站,歌舞
17,93, 汉语普通话, 中国大陆,,0,天眼风云,剧情
69,93, 汉语普通话, 中国大陆,,0,蜻蜓少年,"剧情,儿童"
55,101, 汉语普通话, 中国大陆,,0,真爱不迟到,"剧情,爱情"
16,, 英语, 美国,,0,疯狂的麦克斯6,"动作,科幻"
18,63, 日语, 日本,5.5,30,剧场版 七人魔法使 天空图书馆与真红魔王,"动画,奇幻,冒险"
27,112, 日语, 日本,7.8,40,五亿元的人生,"剧情,喜剧"
64,, 日语, 日本,8.1,40,宅男腐女恋爱真难 OAD,动画
6,120, 汉语普通话, 中国大陆,,0,古田军号,"剧情,历史,战争"
360,100, 英语," 英国 , 法国 , 比利时",7.9,40,对不起，我们错过了你,剧情
517,60, 日语, 日本,5.6,30,摄影机不要停！ 续集 好莱坞大作战！,喜剧
32,250, 韩语, 韩国,9.3,45,2019 Wanna One Concert [Therefore],
6,, 汉语普通话, 中国大陆,,0,蓝百万2,"剧情,喜剧"
17,86, 英语, 美国,,0,痊愈,恐怖
13,93, 日语, 日本,,0,即便明天世界终结,"剧情,科幻,动画"
55,, 英语," 芬兰 , 美国",,0,愤怒的小鸟2,"喜剧,动画,冒险"
26,58, 英语, 美国,,0,亚当・德维尼：人生中的最佳时光,喜剧
15,91,," 法国 , 英国",,0,最后一步,"动作,惊悚"
21,75, 汉语普通话, 中国大陆,,0,智深传2,动作
54,96, 汉语普通话, 中国大陆,,0,搞怪奇妙夜,"剧情,喜剧"
58,109, 英语, 罗马尼亚,6.1,30,亲爱的拉蒙娜,"喜剧,爱情"
33,82, 英语, 英国,3.5,20,死亡之棚,恐怖
153,60, 英语, 美国,6.3,30,凯文・哈特：不负责任,喜剧
29,44, 英语, 美国,5.5,30,漫威崛起：钢铁之心,"动作,动画"
379,95, 英语, 美国,6.8,35,遗失的环节,"动画,冒险"
58,87, 英语," 西班牙 , 意大利 , 英国",4.7,25,竞速传奇,"动作,运动"
159,111, 意大利语," 意大利 , 法国",6.3,30,无情暴虐,"剧情,犯罪"
232,, 英语, 美国,,0,沉睡魔咒2：恶魔夫人,"奇幻,冒险"
108,100, 汉语普通话, 中国大陆,,0,超级的我,"奇幻,冒险"
76,93, 汉语普通话, 中国大陆,,0,昆仑兄弟,"剧情,西部"
84,100, 汉语普通话, 中国大陆,,0,笑盗江湖,"喜剧,古装"
175,117, 日语, 日本,5.7,30,十二个想死的孩子,悬疑
54,76, 汉语普通话, 中国大陆,,0,相声有江湖,喜剧
90,106," 汉语普通话 , 英语"," 中国大陆 , 美国",,0,决战异世界,"动作,科幻"
343,, 汉语普通话, 中国大陆,,0,战狼3,动作
41,87, 英语, 美国,3.8,20,布莱顿惊魂,剧情
34,94, 英语, 美国,4.3,20,难以忘怀的莎朗・塔特,"剧情,惊悚"
133,120, 汉语普通话, 中国大陆,,0,豹子头林冲,"动作,武侠,古装"
107,85, 汉语普通话, 中国大陆,,0,锦衣之下之绣春刀,"剧情,历史,武侠,古装"
89,93, 英语, 美国,4.9,25,铁拳威龙,"动作,惊悚"
276,92, 汉语普通话, 中国大陆,,0,不曾想过爱上你,"剧情,爱情"
120,90, 汉语普通话, 中国大陆,,0,灵魂的救赎,剧情
146,109, 英语, 美国,5.9,30,小人物,喜剧
105,92, 未知," 美国 , 中国大陆",5.8,30,世外之子,剧情
23,102, 英语, 美国,6.4,30,梅普尔索普,"剧情,传记"
57,95, 西班牙语, 墨西哥,7.3,35,逃离小镇,剧情
27,126, 印地语, 印度,6.3,30,同居物语,"剧情,喜剧,爱情"
173,90, 法语, 法国,7.7,40,最美年华,"剧情,爱情"
470,125, 汉语普通话, 台湾,7.6,40,寒单,剧情
290,119, 日语, 日本,7.4,35,一首小夜曲,爱情
23,59, 日语, 日本,7.6,40,心理测量者SS1：罪与罚,"动作,动画,犯罪"
118,120," 法语 , 意大利语", 法国,7.8,40,燃烧女子的肖像,"剧情,同性,历史"
83,86, 波斯语, 伊朗,7.6,40,梦之城堡,剧情
84,60, 日语, 日本,7.3,35,被流浪猫捡到的男人,"剧情,爱情"
342,135, 意大利语," 意大利 , 法国 , 巴西 , 德国",7.7,40,叛徒,剧情
0,88, 英语, 美国,,0,水晶守护者,科幻
47,110, 英语, 加拿大,8.6,45,灯塔,"剧情,恐怖,奇幻"
203,124, 日语, 日本,7.8,40,杀手寓言,"喜剧,动作"
5,, 日语, 日本,,0,光之美少女 奇迹宇宙,"剧情,喜剧,动作,动画,儿童,奇幻"
14,, 英语, 美国,,0,MetGala大秀 2019,真人秀
3,92, 汉语普通话, 中国大陆,,0,迷走古山劫,"剧情,喜剧"
0,95, 汉语普通话, 中国大陆,,0,傻儿夫妻小神郎,"喜剧,爱情"
52,, 英Z English, 英 UK,7.9,40,BBC地平线：我们需要谈谈死亡,o片 Documentary
150,78, 汉语普通话, 中国大陆,2.8,15,英雄无侠,喜剧
87,77, 汉语普通话, 中国大陆,,0,潜艇总动员：外星宝贝计划,"喜剧,动画,冒险"
137,87, 汉语普通话, 中国大陆,,0,夺镖,"武侠,古装"
22,85, 英语, 英国,4.1,20,邦迪和绿河杀手,"剧情,惊悚,犯罪"
171,95, 汉语普通话, 中国大陆,3.8,20,新封神之哪吒闹海,"动作,奇幻,武侠"
80,96, 汉语普通话, 中国大陆,4.9,25,半镜,"剧情,悬疑"
36,109, 英语, 美国,5.2,25,黑疯婆子的葬礼,喜剧
189,92, 英语, 美国,4.7,25,硬核风暴,"动作,犯罪"
41,78, 西班牙语, 西班牙,5.3,25,谁是我们老爸,喜剧
29,85, 英语, 美国,6.0,30,天堂日落,"剧情,爱情"
69,, 日语, 日本,5.3,25,假面骑士时王 外传 RIDER TIME 龙骑,
274,62, 英语, 美国,5.8,30,郑肯：因为有你，生命才完整,"喜剧,脱口秀"
60,93, 西班牙语, 西班牙,5.7,30,你会带谁去无人岛？,剧情
40,60, 英语, 美国,7.1,35,周六夜现场：艾玛・斯通/防弹少年团,"喜剧,脱口秀"
120,44, 日语, 日本,6.5,35,我想一周休四天,"剧情,爱情"
61,121, 英语, 美国,7.3,35,2019年美国公告牌音乐大奖颁奖典礼,"音乐,歌舞,真人秀"
73,119, 英语," 英国 , 美国",6.5,35,纪念品：第一部分,"剧情,爱情,悬疑"
76,90, 英语, 美国,7.6,40,加布里埃尔・伊格莱西亚斯：老少咸宜秀,"喜剧,脱口秀"
154,, 汉语普通话, 中国大陆,3.8,20,齐天大圣之大闹龙宫,"动作,奇幻,武侠"
55,90, 英语, 美国,8.0,40,周六夜现场：詹姆斯・麦卡沃伊/Meek Mill,喜剧
76,153, 印地语, 印度,7.5,40,印度有嘻哈,"剧情,音乐"
308,93, 汉语普通话, 中国大陆,,0,丛林历险记,"剧情,儿童,冒险"
2,104, 汉语普通话, 中国大陆,,0,心之山,剧情
7,113, 英语, 美国,,0,末世指令,"科幻,冒险"
6,104, 汉语普通话, 台湾,,0,陪你很久很久,剧情
4,, 日语, 日本,,0,霭 Free!-Road to the World-,"剧情,动画,运动"
17,91, 英语," 英国 , 美国",,0,老太啦啦队,喜剧
160,92, 日语, 日本,7.3,35,在蓝色时分飞翔,剧情
183,," 粤语 , 汉语普通话"," 中国大陆 , 香港",,0,使徒行者2：谍影行动,"剧情,动作,犯罪"
11,108, 西班牙语, 阿根廷,,0,金发男子,"剧情,爱情,同性"
22,90, 汉语普通话, 中国大陆,,0,如意天书,"奇幻,古装"
43,82, 汉语普通话, 中国大陆,,0,替嫁新娘,爱情
1004,, 英语, 美国,,0,小丑,"剧情,惊悚,犯罪"
38,, 汉语普通话, 中国大陆,,0,降妖功德簿,"剧情,古装"
30,90, 汉语普通话, 中国大陆,,0,毕业旅行之逍遥骑士,喜剧
90,83, 汉语普通话, 中国大陆,,0,消失的罪证,"悬疑,犯罪"
38,88, 英语, 意大利,3.3,15,魔音盒,惊悚
58,78, 汉语普通话, 中国大陆,,0,深海X异种2,悬疑
256,95, 汉语普通话, 中国大陆,,0,大微商,剧情
38,, 英语, 美国,3.6,20,赎罪,"动作,惊悚,犯罪"
29,96, 英语," 美国 , 加拿大",5.4,25,难以入眠,"喜剧,惊悚"
79,105, 日语, 日本,6.0,30,直到遇见九月之恋,"爱情,奇幻"
76,84, 汉语普通话, 中国大陆,,0,萌妹特攻队,"剧情,喜剧,奇幻,冒险"
71,84, 法语," 比利时 , 法国",6.4,30,年轻的阿迈德,剧情
42,103, 汉语普通话, 台湾,5.7,30,疯狂电视台,喜剧
179,105, 日语, 日本,6.3,30,武士马拉松,"剧情,动作,历史"
6,79, 英语, 澳大利亚,,0,拉皮条,惊悚
8,79, 英语, 美国,,0,银瀑2：重现,恐怖
10,90, 汉语普通话, 台湾,,0,大饿,"剧情,爱情"
66,120, 日语, 日本,6.5,35,未解决之女 警视厅文件斯佟琥珀色信号 2019 SP,"剧情,喜剧,犯罪"
10,72, 汉语普通话, 中国大陆,,0,五行相术,"动作,奇幻"
11,138," 葡萄牙语 , 法语 , 德语", 葡萄牙,,0,葡萄牙女人,剧情
25,106, 英语, 美国,,0,计划外,剧情
20,93, 汉语普通话, 中国大陆,,0,好小子，好功夫,"剧情,喜剧,家庭,儿童"
11,45, 日语, 日本,,0,行家本色：地方公务员熊本熊,
9,82, 韩语, 韩国,,0,妈妈朋友的年糕礼物,情色
14,90, 汉语普通话, 中国大陆,,0,马永贞决战上海滩,"动作,爱情"
20,104, 汉语普通话, 中国大陆,,0,黄玫瑰,剧情
24,89, 汉语普通话, 台湾,,0,玩命贴图,"惊悚,恐怖"
14,90, 汉语普通话, 中国大陆,,0,疯狂兰蛇,"动作,悬疑"
21,85, 英语," 美国 , 英国",,0,响尾蛇,惊悚
18,108, 英语, 美国,5.7,30,博尔登,剧情
20,111, 汉语普通话, 台湾,,0,大三元,喜剧
476,, 汉语普通话, 中国大陆,,0,罗小黑战记,"动作,动画,奇幻"
29,125, 英语, 美国,5.8,30,威尔・加德纳,剧情
15,24, 日语, 日本,6.7,35,我家女仆有够烦！OVA,动画
87,148, 印度语, 印度,6.0,30,章西女王,"剧情,传记,历史"
80,119, 法语, 加拿大,6.1,30,马蒂亚斯与马克西姆,"剧情,同性"
222,90, 英语, 美国,6.3,30,高飞鸟,"剧情,运动"
29,98, 日语, 日本,5.8,30,葬礼的名人,
66,, 日语, 日本,6.8,35,爱吃拉面的小泉同学 2019春季SP,
284,86," 韩语 , 日语 , 汉语普通话"," 韩国 , 日本",7.4,35,福冈,剧情
1,,, 美国,,0,亲爱的达令,恐怖
302,107, 汉语普通话," 中国大陆 , 西班牙",6.7,35,再见 南屏晚钟,"剧情,同性,家庭"
46,134, 俄语, 俄罗斯,7.9,40,瘦人,剧情
3,148, 泰米尔语, 印度,,0,政坛新秀,"剧情,动作"
4,88, 英语, 美国,,0,Hell Is Where the Home Is,惊悚
27,, 韩语, 韩国,8.3,40,第55届韩国百想艺术大赏,真人秀
38,81, 汉语普通话, 中国大陆,,0,吃鸡战场,"动作,奇幻"
4,97, 英语, 美国,,0,安娜2,恐怖
28,," 法语 , 英语", 法国,8.4,40,第72届戛纳国际电影节颁奖典礼,真人秀
25,91, 汉语普通话, 中国大陆,,0,一路疯癫,喜剧
30,101, 汉语普通话, 中国大陆,,0,大漠追凶,"悬疑,武侠,古装"
46,77, 汉语普通话, 中国大陆,,0,夜蝶,"动作,战争"
47,105, 汉语普通话, 中国大陆,,0,活着唱着,"剧情,戏曲"
57,85, 汉语普通话, 中国大陆,,0,疯狂的契约,喜剧
104,106, 汉语普通话, 中国大陆,,0,武陵山上的星光,剧情
91,, 汉语普通话, 中国大陆,,0,万妖国,"喜剧,奇幻"
248,113, 汉语普通话, 中国大陆,,0,拂乡心,剧情
166,80, 汉语普通话, 中国大陆,,0,相思鸟之恋,"剧情,爱情"
85,90,, 中国大陆,,0,开封降魔记,"动作,悬疑,古装"
113,114, 汉语普通话, 中国大陆,,0,跳舞吧！大象,"剧情,喜剧"
109,105, 汉语普通话, 中国大陆,,0,沉默的雪,"悬疑,犯罪"
115,86, 汉语普通话, 中国大陆,,0,夜伴歌声,"惊悚,恐怖"
204,80, 汉语普通话, 中国大陆,3.5,20,这个保安有点彪,喜剧
23,92, 英语, 美国,3.6,20,阴影之中,"恐怖,犯罪"
1325,94, 汉语普通话, 中国大陆,,0,当我们海阔天空,剧情
1,, 英语, 美国,,0,最后的哨声,"剧情,运动"
5,20, 汉语普通话, 中国大陆,,0,奇妙蘑菇屯之H家族,
6,80, 葡萄牙语, 巴西,,0,我亲爱的表哥,"剧情,爱情,同性"
12,88, 英语, 英国,,0,诱饵,剧情
7,54, 日语, 日本,,0,少女与战车：最终章 第2话,"喜剧,动作,动画"
68,, 俄语, 俄罗斯,,0,切尔诺贝利・禁区电影版,"剧情,科幻,悬疑"
70,, 英语, 美国,,0,飞鸽特工队,"喜剧,动作,科幻,动画,冒险"
11,, 英语, 美国,,0,结伴婚礼,"剧情,喜剧,爱情"
6,80, 英语, 美国,,0,莫莉快跑,喜剧
6,, 日语, 日本,,0,懒散的人,动画
16,102, 法语, 加拿大,,0,孤单殖民地,剧情
7,24, 日语, 日本,,0,弦音 -风舞高中弓道部- TV未放送第十四话,动画
11,72, 韩语, 韩国,,0,茶馆妈妈,情色
13,60, 日语, 日本,,0,心理测量者SS2：第一卫士,"动作,动画,犯罪"
30,302, 英语, 英国,,0,女武神,剧情
0,101, 英语, 英国,,0,果皮,剧情
9,90, 汉语普通话, 中国大陆,,0,山水恋人,爱情
71,100, 英语," 阿根廷 , 加拿大",4.1,20,最后一人,"剧情,动作,科幻"
27,96, 英语, 美国,6.4,30,离婚派对,"喜剧,爱情"
61,, 英语, 美国,6.3,30,笑到最后,喜剧
34,, 日语, 日本,4.2,20,贞子,"悬疑,惊悚,恐怖"
121,60, 英语, 美国,6.4,30,艾米・舒默：长大当妈,"喜剧,脱口秀"
46,90, 英语, 美国,6.5,35,寻找斯蒂夫・麦昆,惊悚
44,, 英语, 美国,7.2,35,吉米・卡尔：最佳金句,喜剧
52,97," 罗马尼亚语 , 西班牙语"," 罗马尼亚 , 法国 , 德国",7.1,35,戈梅拉岛,喜剧
55,105, 韩语, 韩国,7.3,35,抗拒：柳宽顺的故事,剧情
73,99, 法语, 法国,7.1,35,岳父岳母真难当2,喜剧
76,95, 日语, 日本,7.4,35,城市猎人：新宿 PRIVATE EYES,"喜剧,动作,动画"
49,120," 丹麦语 , 阿拉伯语", 丹麦,7.4,35,丹麦之子,剧情
64,110, 德语," 德国 , 法国",6.7,35,金手套,"剧情,惊悚,犯罪"
40,98, 葡萄牙语, 巴西,7.5,40,痴梦芭蕾,剧情
108,90, 汉语普通话, 中国大陆,7.6,40,平原上的夏洛克,剧情
47,86, 粤语, 香港,7.6,40,拾芳,传记
40,60, 英语, 美国,7.7,40,奈特・巴盖兹：田纳西小子,"喜剧,脱口秀"
2,, 法语, 法国,,0,全班第一,
154,101, 英语, 英国,8.0,40,狂躁节拍,"剧情,音乐"
124,, 汉语普通话, 中国大陆,,0,2019年北京卫视春节联欢晚会,真人秀
2023,, 汉语普通话, 中国大陆,,0,攀登者,"剧情,冒险"
68,173, 英语," 美国 , 德国",8.0,40,隐秘的生活,"剧情,传记,战争"
122,74, 汉语普通话, 中国大陆,,0,霍元甲之精武天下,"剧情,动作,武侠"
61,90, 汉语普通话, 中国大陆,,0,第三人称,"剧情,爱情,悬疑,犯罪"
214,87, 汉语普通话, 中国大陆,,0,高手高手高高手,"喜剧,动作"
231,78, 汉语普通话, 中国大陆,,0,暴走财神,喜剧
201,101, 汉语普通话, 中国大陆,,0,榫卯,"剧情,家庭"
319,70, 汉语普通话, 中国大陆,,0,爱笑种梦室之龙在江湖,剧情
192,70," 汉语普通话 , 粤语", 中国大陆,,0,济公之降龙有悔,"喜剧,奇幻,古装"
42,85, 日语, 日本,3.7,20,谁说理科生不懂爱情 电影版,
146,87, 汉语普通话, 中国大陆,3.3,15,七剑下天山之修罗眼,"爱情,武侠,古装"
56,212," 法语 , 英语"," 法国 , 意大利",4.9,25,宿命，吾爱：幕间曲,"喜剧,爱情"
125,, 汉语普通话, 台湾,4.8,25,等・等,爱情
105,121, 日语, 日本,4.8,25,热情花招,剧情
24,95, 日语, 日本,,0,约定的舞台~两人穿越时空的歌~,剧情
23,62, 汉语普通话, 中国大陆,,0,戏命师之阴阳师,"剧情,喜剧,动作,奇幻,古装"
12,70, 韩语, 韩国,,0,善良的朋友妻子,情色
29,89, 汉语普通话, 中国大陆,,0,我们的爱情,爱情
40,, 汉语普通话, 中国大陆,,0,猛龙行动之绝密代码,"动作,战争"
29,61, 汉语普通话, 中国大陆,,0,春秋封神,"奇幻,古装"
38,90, 汉语普通话, 中国大陆,,0,午夜迷案,悬疑
459,, 英语, 美国,,0,小丑回魂2,恐怖
67,80, 汉语普通话, 中国大陆,,0,剑・干将莫邪,"剧情,武侠,古装"
45,85, 汉语普通话, 中国大陆,,0,相亲时代,"喜剧,爱情"
44,152, 泰卢固语, 印度,,0,黄沙战神,动作
68,91, 汉语普通话, 中国大陆,,0,美人心,"动作,爱情,历史,古装"
81,80, 汉语普通话, 中国大陆,,0,噬魂剑,"动作,悬疑,惊悚"
79,88, 汉语普通话, 中国大陆,,0,我叫为何,"喜剧,爱情"
37,68, 汉语普通话, 中国大陆,,0,狼群行动,"动作,冒险"
67,, 汉语普通话, 中国大陆,,0,聊斋群妖谱,"动作,奇幻,古装"
86,113, 汉语普通话, 中国大陆,,0,似水流年,剧情
87,73, 汉语普通话, 中国大陆,,0,外八门之黄金罗盘,"动作,奇幻,冒险"
5,90, 汉语普通话, 中国大陆,,0,计中计之密钥奇缘,喜剧
4,90, 汉语普通话, 中国大陆,,0,奇迹探长之隐秘危机,"剧情,悬疑,奇幻"
2,61, 日语," 日本 , 韩国",,0,不可抗拒的侮辱,情色
5,10, 英语, 英国,,0,彗星美人,剧情
9,100, 汉语普通话, 中国大陆,,0,媚狐传,奇幻
23,, 汉语普通话, 中国大陆,,0,赛尔号大电影7：疯狂机器城,"动画,儿童,奇幻,冒险"
2,70, 日语," 日本 , 韩国",,0,我善良的新妈妈,情色
14,, 汉语普通话, 中国大陆,,0,御龙王妃,"动作,古装"
12,, 汉语普通话, 中国大陆,,0,刺客部落I绿石炼狱,"奇幻,冒险"
70,, 汉语普通话, 中国大陆,,0,解放了,"剧情,历史,战争"
8,89, 韩语, 韩国,,0,演播室,情色
2,85, 英语, 美国,,0,罗伯特重生,"喜剧,惊悚"
17,118, 印地语, 印度,,0,骗行天下,喜剧
21,75, 汉语普通话, 中国大陆,,0,乾坤斗转凤离巢,"爱情,古装"
22,87, 汉语普通话, 中国大陆,,0,上海往事之当年情,剧情
3,111, 英语, 美国,,0,幽灵女孩,奇幻
32,101, 日语, 日本,,0,你在月夜里闪耀光辉,爱情
7,, 汉语普通话, 台湾,,0,下半场,"剧情,运动"
4,42, 英语, 美国,,0,柯南无国界：澳大利亚,"喜剧,脱口秀"
4,166, 俄罗斯, 英国,,0,堂・吉诃德,歌舞
37,, 英语," 美国 , 中国大陆",,0,雪人奇缘,"喜剧,动画,冒险"
9,87, 汉语普通话, 中国大陆,,0,骄阳,剧情
11,93, 汉语普通话, 中国大陆,,0,王者盛宴,"剧情,喜剧,动作,爱情"
5,, 英语, 法国,,0,侵略,"剧情,惊悚,恐怖"
8,82," 荷兰语 , 德语", 荷兰,,0,孤独训练夏日特别篇,家庭
6,63, 英语, 美国,,0,迈克・艾普斯：一枝独秀,"喜剧,脱口秀"
3,, 日语, 日本,,0,纪实72小时 不眠的大型货物终端站,
10,116, 汉语普通话, 中国大陆,,0,喜盈代村,"剧情,传记"
59,, 汉语普通话, 中国大陆,,0,死亡通知单之暗黑者,"悬疑,犯罪"
54,135, 英语, 美国,6.8,35,吉屋出租 现场版2019,"爱情,音乐,歌舞"
32,, 日语, 日本,6.8,35,福尔图娜之瞳,"剧情,爱情,奇幻"
259,103, 日语, 日本,7.1,35,匹田先生，恭喜你太太怀孕了,剧情
96,101, 德语, 德国,6.8,35,克莱奥：如果我能倒转时间,喜剧
84,89, 英语, 美国,7.0,35,患难兄弟情,剧情
47,110, 日语, 日本,7.3,35,暗之齿轮,"悬疑,古装"
45,58, 英语, 美国,7.6,40,雷・罗马诺：我在这里起步,喜剧
63,100, 马其顿语," 马其顿 , 比利时 , 法国 , 克罗地亚 , 斯洛文尼亚",7.6,40,上帝存在，她叫佩特鲁尼娅,剧情
90,92, 格鲁吉亚语," 格鲁吉亚 , 俄罗斯",7.3,35,呼吸之间,剧情
64,105, 意大利语, 意大利,8.1,40,冠军,"剧情,运动"
50,110, 法语, 法国,8.2,40,埃德蒙,"剧情,喜剧"
24,," 日语 , 阿伊努语", 日本,8.2,40,黄金神威 OAD2,动画
2205,45, 日语, 日本,8.4,40,轮到你了 特别篇,"剧情,悬疑"
167,95," 汉语普通话 , 粤语", 中国大陆,3.1,15,好汉三条半,喜剧
122,86, 汉语普通话, 中国大陆,2.7,15,我要上头条,"剧情,喜剧"
43,100, 英语, 美国,3.6,20,宠物坟墓,"恐怖,冒险"
48,98, 英语, 英国,4.7,25,兰开斯特的天空,"剧情,动作,历史,战争"
85,116, 汉语普通话, 中国大陆,5.0,25,六欲天,"剧情,犯罪"
35,95, 英语, 美国,,0,好小子们,喜剧
60,93, 英语, 美国,3.2,15,敢死七镖客,动作
2,76, 汉语普通话, 中国大陆,,0,仙厨奇缘,"爱情,奇幻"
50,, 英语, 英国,5.1,25,我爸写了小黄书,喜剧
70,87, 英语, 英国,3.9,20,最后一个男孩,"剧情,科幻"
31,112, 英语, 美国,5.6,30,石油大亨,"剧情,爱情,历史"
4,34, 英语, 英国,,0,布朗夫人的儿子们2019新年特辑,喜剧
25,, 韩语, 韩国,5.9,30,吾王长存,剧情
145,107, 汉语普通话, 中国大陆,5.6,30,马赛克少女,"剧情,犯罪"
35,96, 葡萄牙语, 巴西,5.9,30,第四泳道,剧情
61,90, 汉语普通话, 中国大陆,,0,精武陈真,动作
63,116, 英语, 美国,5.9,30,不可能的事,"剧情,传记"
227,110, 汉语普通话," 中国大陆 , 澳大利亚",,0,日月,"喜剧,家庭,奇幻"
36,, 汉语普通话, 中国大陆,,0,德云社己亥年开箱庆典 2019,"喜剧,戏曲"
79,91, 汉语普通话, 中国大陆,,0,海市蜃城,"科幻,悬疑"
66,86, 汉语普通话, 中国大陆,,0,致命梦魇,"悬疑,惊悚,犯罪"
109,69, 汉语普通话, 中国大陆,,0,赤眼妖姬,"爱情,武侠,古装"
45,88, 汉语普通话, 中国大陆,,0,闯堂兔3迨惫饣,"喜剧,动画,儿童,冒险"
68,82, 汉语普通话," 中国大陆 , 香港",,0,王牌霸王花,动作
76,146, 汉语普通话, 中国大陆,,0,第25届上海电视节颁奖典礼,真人秀
66,90, 汉语普通话, 中国大陆,,0,封魔传,"动作,奇幻"
72,90, 汉语普通话, 中国大陆,,0,极限速递,"喜剧,动作,爱情"
61,, 汉语普通话, 中国大陆,,0,这个保安有点彪2,喜剧
100,," 汉语普通话 , 云南方言", 中国大陆,,0,大王派我来巡山,剧情
114,82, 汉语普通话, 中国大陆,,0,方世玉之盖世英雄,"动作,武侠"
89,90, 汉语普通话, 中国大陆,,0,未来的你,"爱情,奇幻"
81,69, 汉语普通话, 中国大陆,,0,钟馗诛妖传,"动作,奇幻,古装"
75,, 汉语普通话, 中国大陆,,0,青衣道师,"动作,奇幻"
13,,, 中国大陆,,0,火山风林,
91,100, 汉语普通话, 中国大陆,,0,日不落酒店,喜剧
30,91," 波斯尼亚语 , 荷兰语 , 英语"," 荷兰 , 波黑",,0,带我去个好地方,剧情
16,98, 英语, 美国,,0,跨州轶事录,"剧情,喜剧"
185,," 粤语 , 英语", 香港,,0,叶问4,"动作,传记,历史"
49,90, 汉语普通话, 中国大陆,,0,凌晨两点半2,"悬疑,惊悚,恐怖"
27,96, 汉语普通话, 中国大陆,,0,绝地营救,"动作,战争,冒险"
25,90, 日语, 日本,,0,灰色：幻影扳机,"剧情,动画"
210,, 汉语普通话, 中国大陆,,0,我和我的祖国,剧情
30,90, 英语, 美国,,0,周六夜现场：保罗・路德/DJ卡拉德,"喜剧,音乐"
406,, 汉语普通话, 中国大陆,,0,摸金校尉之九幽将军,"奇幻,冒险"
16,78, 汉语普通话, 中国大陆,,0,猫公主苏菲,"动画,冒险"
25,100, 汉语普通话, 中国大陆,,0,那树繁花,剧情
15,90, 汉语普通话, 中国大陆,,0,劫数难逃,"悬疑,惊悚"
21,135, 汉语普通话, 中国大陆,,0,2019年中央电视台元宵晚会,"音乐,歌舞,真人秀"
33,95, 汉语普通话, 中国大陆,,0,功夫营救,动作
15,100, 英语, 美国,,0,37号房间：约翰尼・雷德斯神秘之死,"剧情,惊悚"
17,110," 汉语普通话 , 粤语", 香港,,0,极品闺蜜2019,"喜剧,爱情"
15,93,, 英国,,0,黑暗意识,惊悚
17,120, 印地语, 印度,,0,萨克雷传,"剧情,传记"
23,88," 粤语 , 汉语普通话"," 中国大陆 , 香港",,0,乱世护宝,"剧情,动作"
31,109, 汉语普通话, 中国大陆,,0,六连煞,"剧情,犯罪"
4,94, 汉语普通话, 中国大陆,,0,国礼,"动作,悬疑,冒险"
30,110," 西班牙语 , 罗马尼亚语"," 罗马尼亚 , 西班牙 , 捷克",,0,搁置的心,"剧情,爱情"
32,70, 汉语普通话, 中国大陆,,0,真假孙悟空,"喜剧,爱情,奇幻"
14,, 汉语普通话, 中国大陆,,0,2019年全球华侨华人春节大联欢,"歌舞,真人秀"
14,61, 英语, 美国,,0,米兰达・辛斯个人秀：拿好不谢,喜剧
17,60, 英语, 美国,,0,周六夜现场：唐・钱德尔/加里・克拉克,"喜剧,音乐"
220,, 英语, 美国,,0,星际探索,"科幻,悬疑,冒险"
24,88, 汉语普通话, 中国大陆,,0,他她他她,"剧情,悬疑"
13,120, 日语, 日本,,0,科搜研之女2019新春SP,
26,111, 德语, 德国,,0,金鱼,剧情
16,80, 汉语普通话, 中国大陆,,0,功夫四侠：勇闯地宫,"动画,儿童,冒险"
6,, 汉语普通话, 中国大陆,,0,SNH48 Group第五届年度金曲大赏Best 50 Request Time演唱会,"音乐,歌舞"
13,95, 汉语普通话, 中国大陆,,0,再见少女团,"喜剧,歌舞"
11,97, 葡萄牙语, 巴西,,0,葛丽泰,同性
5,, 汉语普通话, 中国大陆,,0,嗜血将军2白皮少女,"悬疑,恐怖"
10,98, 英语, 美国,,0,分岔口,剧情
299,, 汉语普通话, 中国大陆,,0,全职高手之巅峰荣耀,"剧情,动画"
21,90, 法语, 法国,,0,212号房间,喜剧
4,93, 汉语普通话, 中国大陆,,0,麻烦专家,"爱情,运动"
13,103, 英语, 美国,,0,海神,"悬疑,惊悚,恐怖"
156,, 汉语普通话, 中国大陆,,0,中国机长,"剧情,传记,灾难"
10,101, 印地语, 印度,,0,音乐教师,剧情
12,124, 印地语, 印度,,0,八月十五,剧情
964,, 英语, 美国,,0,纽约的一个雨天,喜剧
30,, 英语, 美国,,0,勇敢者游戏2：再战巅峰,"喜剧,动作,奇幻,冒险"
9,60, 英语, 美国,,0,新喜剧小品：星光熠熠,喜剧
12,98, 阿拉伯语, 摩洛哥,,0,亚当,
12,111, 英语, 加拿大,,0,守门员,"剧情,传记,运动"
108,, 英语, 美国,,0,霹雳娇娃,"动作,冒险"
11,, 汉语普通话, 中国大陆,,0,嗜血龙鳞诀,
14,, 英语, 英国,,0,乐在当下,
5,," 英语 , 粤语 , 汉语普通话 , 日语", 香港,,0,第13届亚洲电影大奖颁奖典礼,真人秀
11,104, 法语, 法国,,0,混出新高度,"喜剧,犯罪"
7,120, 英语, 美国,,0,男爵,剧情
13,, 日语, 日本,,0,剧场版 最终幻想14：光之老爸,"剧情,家庭"
15,, 汉语普通话, 中国大陆,,0,皇牌机师-重装甲高校,"动作,爱情,科幻"
737,90, 汉语普通话," 香港 , 中国大陆",,0,花椒之味,剧情
11,, 粤语, 香港,,0,离骚幻觉,"科幻,动画"
9,64, 汉语普通话, 中国大陆,,0,荒野女人,剧情
10,324, 英语, 美国,,0,摔角狂热 35,
9,88, 汉语普通话, 中国大陆,,0,后海・红海,剧情
7,60, 日语," 日本 , 韩国",,0,已婚女奴,情色
1,, 英语, 加拿大 Canada,,0,心梗,恐怖
1,71, 韩语, 韩国,,0,密爱：我朋友的妈妈2,剧情
0,28," 汉语普通话 , 闽南语 , 山东话", 台湾,,0,带妈妈出去玩,剧情
11,90, 日语, 日本,,0,うちの淌陇言うことには,"剧情,犯罪"
7,92, 汉语普通话, 中国大陆,,0,王媛媛,剧情
7,, 日语, 日本,,0,薄暮,"剧情,动画"
3,65, 汉语普通话, 中国大陆,,0,行者武松,"动作,武侠,古装"
2,, 汉语普通话, 中国大陆,,0,年轻的心,剧情
3,93, 英语, 中国大陆,,0,星月夜,"剧情,喜剧"
7,5, 汉语普通话, 中国大陆,,0,金口玉阎,脱口秀
23,, 汉语普通话, 中国大陆,,0,我在时间尽头等你,"爱情,奇幻"
4,90, 汉语普通话, 中国大陆,,0,封口之谜,"剧情,悬疑,犯罪"
7,, 日语, 日本,,0,纪实72小时 什么都不做的出租先生,
5,104, 英语," 荷兰 , 英国 , 比利时 , 爱尔兰",,0,污秽之神,剧情
7,87, 法语, 法国,,0,我的宝贝,喜剧
2,170, 英语, 莫斯科,,0,舞姬,歌舞
3,62, 汉语普通话, 中国大陆,,0,记忆谜城,"悬疑,犯罪,奇幻,冒险"
0,, 英语, 美国,,0,凹头弹,"动作,犯罪"
92,94, 汉语普通话, 中国大陆,,0,歌唱动荡的青春,"剧情,爱情"
3,106, 英语, 美国,,0,圣・弗朗西斯,"剧情,喜剧"
31,, 汉语普通话, 中国大陆,,0,宠爱,"喜剧,爱情"
27,, 日语, 日本,,0,人间失格,动画
4,,," 荷兰 , 比利时",,0,夜景,剧情
2,, 英语, 美国,,0,Ramy Youssef: Feelings,喜剧
2,,, 中国大陆,,0,26岁女房东,
11,109, 汉语普通话, 中国大陆,,0,红星照耀中国,"历史,战争"
3,94, 意大利语, 意大利,,0,没有妈妈的10天,喜剧
5,128, 德语, 德国,,0,梦工厂,"喜剧,爱情"
25,, 汉语普通话, 中国大陆,,0,光天化日,"动作,爱情,犯罪"
4,97, 英语, 美国,,0,27 俱乐部,恐怖
97,, 汉语普通话, 中国大陆,,0,吹哨人,"动作,悬疑,犯罪"
0,, 英语, 美国,,0,盛夏傍晚,"剧情,喜剧"
9,, 印地语, 印度,,0,卡比尔辛格,"剧情,动作"
1,95, 英语, 美国,,0,拯救佐伊,"剧情,犯罪"
0,168,, 俄罗斯,,0,睡美人,"剧情,歌舞"
1,, 粤语, 中国大陆,,0,谭咏麟银河岁月40载巡回演唱会2019・罗定站,音乐
1,, 汉语普通话, 中国大陆,,0,嘿，小骨头,"喜剧,爱情,奇幻"
0,91, 汉语普通话, 中国大陆,,0,梨乡妹子,"剧情,戏曲"
1,106, 英语, 加拿大,,0,菲尔,剧情
1,," 英语 , 德语 , 阿拉伯语 , 土耳其语", 德国,,0,7500,剧情
1,100, 英语, 美国,,0,公路,剧情
2,, 英语," 爱尔兰 Ireland , 比利时 Belgium",,0,附加平庸,"喜剧,奇幻"
1,, 英语, 南非,,0,8：一个南非恐怖故事,恐怖
14,, 英语," 加拿大 , 美国",,0,性感炸弹,"剧情,传记"
2,90, 汉语普通话, 中国大陆,,0,猎袭,"动作,犯罪"
14,, 汉语普通话, 中国大陆,,0,甜美生活,剧情
2,, 英语, 美国,,0,九局下半,剧情
0,94, 英语, 美国,,0,第零军团,"剧情,喜剧"
83,122, 日语, 日本,7.2,35,瞌睡的磐音,剧情
24,103, 韩语, 韩国,,0,极限逃生,"喜剧,动作,灾难"
64,80, 爱沙尼亚语, 爱沙尼亚,7.4,35,斯堪的纳维亚的沉默,"剧情,惊悚"
128,106, 汉语普通话, 中国大陆,7.9,40,鱼乐园,剧情
66,132, 葡萄牙语," 巴西 , 法国",7.3,35,巴克劳,剧情
2,85," 菲律宾语 , 韩语"," 菲律宾 , 韩国",,0,阳光家庭,剧情
38,106, 荷兰语, 比利时,8.0,40,多莲的精选集,"剧情,喜剧"
1,67, 英语, 美国,,0,森林深处,恐怖
1,60, 英语," 美国 , 爱尔兰 , 加拿大",,0,我的小马驹：彩虹之旅,动画
0,90, 英语, 美国,,0,1BR,"剧情,惊悚,恐怖"
6,, 日语, 日本,8.5,45,千子2,"剧情,动画"
1,79, 韩语, 韩国,,0,正午的野餐,
1,, 泰米尔语, 印度,,0,Kadaram Kondan,"动作,惊悚"
394,114, 日语, 日本,8.0,40,天气之子,"爱情,动画,奇幻"
0,, 日语, 日本,,0,エキストロ,
0,, 英语, 英国,,0,The Cleansing,"剧情,惊悚,恐怖"
0,, 汉语普通话, 中国大陆,,0,血拳之龙虎斗,动作
138,117, 日语, 日本,5.5,30,麻雀放浪记2020,"剧情,科幻"
54,126, 韩语, 韩国,5.5,30,你的名字是玫瑰,"喜剧,悬疑"
44,105, 德语, 德国,5.6,30,我离家了，但……,剧情
99,116, 日语, 日本,5.7,30,生日乐园,动画
38,140,, 巴西,6.3,30,超神,"剧情,情色"
37,93, 泰语, 泰国,6.2,30,伦敦糖果,"剧情,喜剧,爱情"
63,104, 沃洛夫语," 法国 , 塞内加尔 , 比利时",5.9,30,大西洋,剧情
73,105, 英语, 美国,6.6,35,优步危机,"喜剧,动作"
89,, 日语, 日本,6.6,35,在地下城寻求邂逅是否搞错了什么：俄里翁之箭,动画
54,98," 英语 , 法语 , 葡萄牙语"," 法国 , 葡萄牙 , 比利时 , 美国",6.0,30,弗兰琪,"剧情,家庭"
73,, 英语, 美国,6.5,35,美国式审判,剧情
50,99, 英语, 美国,6.8,35,破晓时分,"剧情,悬疑,惊悚"
82,104, 英语, 美国,6.1,30,传输失败,剧情
22,, 日语, 日本,6.7,35,遗留搜查2019,
37,115, 日语, 日本,6.8,35,BRIDGE 始于1995.1.17 神户,
43,97, 塞尔维亚语, 塞尔维亚,6.9,35,往事密密缝,"剧情,惊悚"
194,87, 英语, 美国,6.6,35,巨鳄风暴,"剧情,惊悚,灾难"
126,119, 英语, 美国,6.9,35,我的生命之光,剧情
179,, 汉语普通话, 中国大陆,,0,三生三世十里桃花2,"剧情,爱情,奇幻"
93,88, 汉语普通话, 中国大陆,,0,少女宿舍,"悬疑,惊悚"
105,, 汉语普通话, 中国大陆,,0,龙藏深泉王隐林,动作
134,, 汉语普通话, 中国大陆,,0,爆款诞生,喜剧
102,, 汉语普通话, 中国大陆,,0,天乩之天帝传说,"喜剧,奇幻,古装"
187,, 英语," 美国 , 新西兰",,0,光晕,"动作,科幻,悬疑,惊悚,冒险"
36,, 英语, 美国,,0,摩门经,"喜剧,歌舞"
318,80, 汉语普通话, 中国大陆,,0,爱笑种梦室之白蛇传说,
100,, 汉语普通话, 中国大陆,,0,遗忘者之绝命狙击,动作
94,70, 汉语普通话, 中国大陆,,0,斗法五湖镇,剧情
74,95, 英语, 美国,2.9,15,吻吻,惊悚
40,86," 英语 , 西班牙语", 美国,3.6,20,Havana Darkness,恐怖
261,, 汉语普通话, 中国大陆,,0,剑归何处,武侠
176,79, 汉语普通话, 中国大陆,3.2,15,滚蛋吧，大魔王！,"喜剧,爱情,奇幻"
339,, 汉语普通话, 中国大陆,4.2,20,北海食神,"剧情,喜剧,动作,爱情"
43,,, 中国大陆,,0,锦衣神探,"悬疑,武侠"
60,83, 法语, 法国,4.7,25,巴黎惊梦,剧情
612,105, 汉语普通话, 中国大陆,,0,一秒钟,剧情
137,, 英语, 美国,,0,丧尸乐园2,"喜剧,动作,恐怖"
2,113, 英语, 瑞士  Switzerland,,0,瓦格纳的情人,剧情
69,, 汉语普通话, 中国大陆,,0,少侠好功夫,"剧情,喜剧,动作"
135,, 粤语," 香港 , 中国大陆",,0,寒战3,"剧情,动作,犯罪"
39,84, 汉语普通话, 中国大陆,,0,密林诡影,"动作,悬疑,惊悚"
112,90, 汉语普通话, 中国大陆,,0,脱离者,"武侠,古装"
31,82, 汉语普通话, 中国大陆,,0,青蛙王子历险记,"喜剧,动画,冒险"
653,, 汉语普通话, 中国大陆,,0,诛仙,"爱情,奇幻,古装"
462,, 汉语普通话, 中国大陆,,0,我爱喵星人,"喜剧,爱情,奇幻"
72,94, 汉语普通话, 中国大陆,,0,假戏真作,"惊悚,恐怖,冒险"
296,96, 汉语普通话, 中国大陆,,0,保持沉默,"剧情,爱情,悬疑"
64,, 汉语普通话, 中国大陆,,0,食神八戒,"爱情,奇幻"
112,89, 汉语普通话, 中国大陆,,0,快刀斩,剧情
67,90, 汉语普通话, 中国大陆,,0,废柴老爸,"喜剧,家庭"
15,, 日语, 日本,,0,さんタク2019,
35,63, 汉语普通话, 中国大陆,,0,特勤精英之逃出生天,"剧情,动作"
30,90, 汉语普通话, 中国大陆,,0,简爱之约,"喜剧,爱情"
43,108," 粤语 , 汉语普通话"," 香港 , 马来西亚",,0,宠我,恐怖
17,90, 汉语普通话, 中国大陆,,0,锦衣之下之血滴子,"剧情,悬疑,历史,古装"
28,, 汉语普通话, 中国大陆,,0,唐砖下之灵域双生,"奇幻,古装"
288,, 汉语普通话, 中国大陆,,0,墨多多谜境冒险,"剧情,奇幻"
33,85, 汉语普通话, 中国大陆,,0,血战敖伦布拉格,"剧情,动作,爱情"
288,90, 汉语普通话, 中国大陆,,0,深夜食堂,剧情
33,86, 汉语普通话, 中国大陆,,0,瑞雪兆丰年,"动画,儿童,奇幻"
37,, 粤语, 香港,,0,捉妖天师,"动作,惊悚"
329,," 粤语 , 汉语普通话", 香港,,0,明日战记,"动作,科幻"
18,90, 汉语普通话, 中国大陆,,0,诡宅,惊悚
29,60, 英语, 美国,,0,周六夜现场：基特・哈灵顿/莎拉・巴莱勒斯,"喜剧,脱口秀"
294,, 汉语普通话, 中国大陆,,0,精灵王座Ⅱ,
27,90, 汉语普通话, 中国大陆,,0,神笔奇侠传,"爱情,奇幻,武侠,古装"
34,120, 汉语普通话, 中国大陆,,0,锦衣之下之爱别离,"爱情,武侠,古装"
57,75, 汉语普通话, 中国大陆,,0,仙游记,"喜剧,奇幻,古装"
28,91, 汉语普通话, 中国大陆,,0,带我回家,剧情
50,90, 汉语普通话, 中国大陆,,0,七剑下天山之封神骨,"武侠,古装"
18,171, 泰米尔语, 印度,,0,神勇佩塔,动作
113,104, 汉语普通话, 中国大陆,,0,海门深处,剧情
42,77, 汉语普通话, 中国大陆,,0,镇妖提刑司,"奇幻,古装"
32,90," 西班牙语 , 英语 , 法语"," 多米尼加 , 阿根廷 , 墨西哥",,0,圣兽,剧情
28,108," 德语 , 英语", 奥地利,,0,脚下的土地,剧情
108,98, 汉语普通话, 中国大陆,,0,杨门女将之女将初征,"剧情,儿童,历史,战争"
20,, 汉语普通话, 中国大陆,,0,我的南宫大人,"爱情,情色"
9,70, 韩语, 韩国,,0,兄弟的妻子,情色
24,79, 德语, 德国,,0,生日,剧情
41,117, 法语, 加拿大,,0,兄弟的女人,剧情
26,95, 汉语普通话, 中国大陆,,0,海风吹过零丁洋,剧情
21,65, 汉语普通话, 中国大陆,,0,八戒降魔2万妖之王,"动作,爱情,古装"
32,85, 英语, 荷兰,,0,林中野兽,剧情
224,, 汉语普通话, 中国大陆,,0,拓星者,"动作,科幻,冒险"
30,114, 日语, 日本,,0,岚电,
34,109," 雅库特语 , 俄语", 俄罗斯,,0,头顶太阳永不落,"剧情,喜剧"
24,79, 汉语普通话, 中国大陆,,0,仙鹤戏狐妖,"剧情,爱情,奇幻,古装"
23,,, 法国,6.4,30,谁杀了小说家？,悬疑
29,76, 汉语普通话, 中国大陆,,0,黑袍律师,"剧情,家庭"
23,, 英语, 美国,,0,周六夜现场：艾玛・汤普森/乔纳森兄弟,喜剧
22,, 英语, 美国,,0,周六夜现场：伊德里斯・艾尔巴/Khalid,喜剧
6,90, 汉语普通话, 中国大陆,,0,空天战队之星兽大战,"动画,冒险"
19,93, 汉语普通话, 中国大陆,,0,寒刀凛,剧情
924,100, 汉语普通话, 中国大陆,,0,利刃破冰,犯罪
13,82, 汉语普通话, 中国大陆,,0,金牌女仵作之阴阳法尺,"喜剧,动作,悬疑"
28,108, 日语, 日本,,0,初恋,"剧情,动作,爱情"
24,99, 汉语普通话, 中国大陆,,0,你好 再见,剧情
23,70, 汉语普通话, 中国大陆,,0,皇家龙虎豹,喜剧
19,68, 汉语普通话, 中国大陆,,0,魔游纪Ⅱ兽王之战,"动作,奇幻,冒险"
27,90, 汉语普通话, 中国大陆,,0,别岁,剧情
564,, 汉语普通话, 中国大陆,,0,刺杀小说家,"剧情,动作,奇幻"
23,114, 汉语普通话, 台湾,,0,乐园,剧情
27,85, 意大利语, 意大利,,0,奇特的家庭,"剧情,喜剧,家庭"
17,77, 汉语普通话, 中国大陆,,0,倩狐之妖乱青华,"爱情,奇幻"
2,115, 汉语普通话, 中国大陆,,0,第十一回,"剧情,喜剧,家庭"
19,80, 汉语普通话, 中国大陆,,0,谁动了我的运气,"喜剧,爱情"
20,, 日语, 日本,,0,LoveLive!Sunshine!! 剧场版,"动作,动画,音乐,歌舞"
10,88, 汉语普通话, 中国大陆,,0,列神记Ⅱ,"剧情,爱情,奇幻"
9,121, 土耳其语 Turkish, 土耳其 Turkey,,0,有组织的工作,喜剧
32,100, 英语, 美国,,0,太阳也是星星,剧情
16,86," 瑞典语 , 丹麦语"," 瑞典 , 丹麦",,0,诡异童谣,"喜剧,恐怖"
146,91, 汉语普通话, 中国大陆,,0,回到过去拥抱你,"爱情,奇幻"
17,,, 中国大陆,,0,战狼犬,
21,120," 英语 , 德语"," 英国 , 德国",,0,战火球星,"剧情,爱情,传记,战争,运动"
14,79, 汉语普通话, 中国大陆,,0,神龙法师,"喜剧,动作,奇幻"
46,, 汉语普通话, 中国大陆,,0,神秘宝藏,喜剧
6,, 汉语普通话, 中国大陆,,0,2019年山东卫视春节联欢晚会,真人秀
25,75, 汉语普通话, 中国大陆,,0,少女四大名捕,"悬疑,古装"
194,, 汉语普通话, 中国大陆,,0,荞麦疯长,"剧情,爱情"
35,, 汉语普通话, 中国大陆,,0,龙岭迷窟,"剧情,悬疑,奇幻"
72,, 汉语普通话," 中国大陆 , 澳大利亚",,0,最长一枪,"剧情,动作"
14,84, 汉语普通话, 中国大陆,,0,超能灭赌师,喜剧
15,11, 无对白, 中国大陆,,0,生意好的小裁缝,
214,, 汉语普通话, 中国大陆,,0,英格力士,剧情
9,9, 希腊语," 希腊 , 法国",,0,我们与天空的距离,"剧情,同性"
6,142," 汉语普通话 , 英语", 中国大陆,,0,第22届上海国际电影节颁奖典礼,真人秀
9,90, 英语, 美国,,0,翻不去的一页,惊悚
6,90, 英语, 美国,,0,毒窝,喜剧
12,63, 汉语普通话, 中国大陆,,0,极速营救,悬疑
38,90, 汉语普通话, 中国大陆,,0,逗爱熊仁镇,"喜剧,爱情"
13,86, 汉语普通话, 中国大陆,,0,广东十虎铁桥三之王者归来,"剧情,动作"
20,, 汉语普通话, 中国大陆,,0,冰峰暴,"动作,灾难"
16,84,, 中国大陆,,0,小青春之薄荷,
72,, 英语, 美国,,0,天使陷落,"剧情,动作,惊悚"
107,,, 中国大陆,,0,那些回不去的年少时光,
17,78," 拉脱维亚语 , 爱沙尼亚语"," 拉脱维亚 , 爱沙尼亚",,0,露特寻龙记,动画
7,72, 汉语普通话, 中国大陆,,0,校花的超级保镖之异世营救,
7,75, 汉语普通话, 中国大陆,,0,绣春伏魔传之血战富士山,
10,, 日语, 日本,,0,来自深渊：出发的黎明,动画
4,91, 汉语普通话, 中国大陆,,0,最近最远的你,"爱情,戏曲"
5,85, 英语, 美国,,0,高高在上,"剧情,动作,犯罪"
6,85,, 西班牙,,0,大火将至,剧情
118,108, 英语, 美国,,0,在黑暗中讲述的恐怖故事,恐怖
75,, 粤语, 香港,,0,神探大战,悬疑
9,80, 汉语普通话, 中国大陆,,0,亲爱的首席官,"剧情,爱情,奇幻"
6,82, 英语, 美国,,0,冬季公主,爱情
8,150, 印地语, 印度,,0,Bharat,剧情
12,126, 日语, 日本,,0,圹嘈∥,真人秀
315,, 英语, 英国,,0,唐顿庄园,剧情
6,50, 日语, 日本,,0,她选择了安乐死,
4,, 汉语普通话, 中国大陆,,0,倩狐之京卫怪谈,
8,, 印地语, 印度,,0,年度最佳学生2,爱情
6,107, 西班牙语," 危地马拉 , 法国 , 卢森堡",,0,震荡,"剧情,同性"
11,137, 法语, 法国,,0,贞德,剧情
13,, 日语, 日本,,0,旅途的结束，世界的开始,剧情
19,, 英语," 美国 , 英国 , 法国",,0,小羊肖恩2,"喜剧,动画,奇幻,冒险"
149,103, 英语, 美国,,0,伯纳黛特你去了哪,"剧情,喜剧"
4,63, 日语," 日本 , 韩国",,0,丈夫去上班的日子里,情色
6,107, 德语, 德国,,0,双面甜心,"喜剧,爱情,犯罪"
11,75, 汉语普通话, 中国大陆,,0,疯狂吞噬者,"惊悚,恐怖,灾难"
6,110, 汉语普通话," 台湾 , 新加坡",,0,杀手不笨,剧情
8,63, 汉语普通话, 中国大陆,,0,猫片之无喵生还,悬疑
20,105, 格鲁吉亚语," 瑞典 , 格鲁吉亚 , 法国",,0,然后我们跳了舞,"剧情,同性"
15,, 汉语普通话, 中国大陆,,0,城市猎人,"喜剧,动作"
9,124, 日语, 日本,,0,待风平浪静,
14,70, 汉语普通话, 中国大陆,,0,上海风云之夺宝金龙,"喜剧,动作"
8,70, 汉语普通话, 中国大陆,,0,二代宗师,"喜剧,奇幻,武侠"
51,, 汉语普通话, 中国大陆,,0,月半爱丽丝,"喜剧,爱情,奇幻"
4,60, 韩语, 韩国,,0,我妻子的门徒,情色
3,360, 汉语普通话, 中国大陆,,0,SNH48 GROUP第二届偶像运动会,"音乐,歌舞,真人秀"
1,, 英语," 美国 , 中国大陆",,0,无敌乒乓兔,动画
13,107, 法语, 法国,,0,智能伊夫,喜剧
59,, 汉语普通话, 中国大陆,,0,京剧猫：霸王折,"动画,冒险"
5,61, 汉语普通话, 中国大陆,,0,绝命心魔录,"动作,悬疑,犯罪"
0,,, 南非,,0,平地,"西部,冒险"
5,95, 印尼语, 印度尼西亚,,0,鬼入镜：灵之鬼迹,"恐怖,奇幻,冒险"
3,50, 汉语普通话, 中国大陆,,0,新大头儿子和小头爸爸 除夕・白夜城,"喜剧,动画,儿童"
1,100, 英语," 德国 , 加拿大 , 法国",,0,尼斯大冒险,"动画,冒险"
6,84, 汉语普通话, 中国大陆,,0,寻找奥特曼,"喜剧,家庭"
4,, 英语, 澳大利亚,,0,无上婚宴,喜剧
10,95, 英语, 美国,,0,少年亚当,喜剧
5,89, 汉语普通话, 中国大陆,,0,快闪猎人暗黑正义,"剧情,悬疑"
9,90, 马拉地语, 印度,,0,半径,剧情
7,80,, 印度尼西亚,,0,山间生活,
6,84, 汉语普通话, 中国大陆,,0,异类侵袭,"科幻,惊悚"
36,, 粤语," 香港 , 中国大陆",,0,圣荷西谋杀案,"剧情,悬疑,犯罪"
4,119, 日语, 日本,,0,那一天的管风琴,
23,95, 汉语普通话, 中国大陆,,0,武圣关公,动画
5,89, 英语, 比利时,,0,玩命逃杀,"惊悚,恐怖"
6,109, 冰岛语," 冰岛 , 丹麦",,0,白色白色的一天,剧情
5,78,, 危地马拉,,0,我们的母亲,
4,71, 汉语普通话, 中国大陆,,0,运气没信号,喜剧
34,, 日语, 日本,,0,Re：从零开始的异世界生活 冰结之绊,"动画,奇幻,冒险"
6,, 日语, 日本,,0,小小恋歌,
45,, 汉语普通话, 中国大陆,,0,决胜时刻,"剧情,传记,历史"
134,, 英语, 美国,,0,极速车王,"剧情,动作,传记,运动"
6,95, 加泰罗尼亚语, 西班牙,,0,来日方长,"剧情,爱情"
8,103, 英语, 美国,,0,她的马拉松,"剧情,喜剧"
5,162, 泰卢固语, 印度,,0,后现代罗摩衍那,爱情
341,, 英语, 美国,,0,小妇人,"剧情,爱情"
3,105, 德语, 德国,,0,包豪斯,"剧情,历史"
2,15, 重庆方言, 中国大陆,,0,冷漠,"剧情,犯罪"
4,108, 日语, 日本,,0,来自深渊：流浪的黄昏,动画
1,,, 美国,,0,地球超人,"家庭,冒险"
8,114, 英语, 英国,,0,看清真相,"剧情,喜剧,歌舞,传记"
110,, 英语, 美国,,0,决战中途岛,"剧情,历史,战争"
6,93, 汉语普通话, 中国大陆,,0,舞台,剧情
5,82, 法语," 法国 , 比利时",,0,Convoi exceptionnel,喜剧
2,, 英语, 美国,,0,2019年AVN颁奖典礼,真人秀
2,107, 法语, 法国,,0,珍品,历史
1,9,, 波兰,,0,Duszyczka,
3,90, 英语, 西班牙,,0,2019年马德里万达球场欧洲冠军联赛决战,运动
4,, 日语, 日本,,0,男子啦啦队！！,剧情
3,98, 汉语普通话, 中国大陆,,0,丢人,剧情
0,,, 德国,,0,哲思：意识的存在,奇幻
2,90, 汉语普通话, 中国大陆,,0,嘿，蠢贼,"剧情,喜剧"
0,, 日语, 日本,,0,我很轻松,
4,,, 中国大陆,,0,开心家族,
6,108, 汉语普通话, 中国大陆,,0,逃离欲望岛,"动作,科幻"
4,100, 英语," 英国 , 美国",,0,小屋,"剧情,惊悚,恐怖"
3,70, 汉语普通话, 中国大陆,,0,凡人修真张天师,"动作,奇幻"
0,24,, 美国,,0,Hieu,
6,115, 英语, 意大利,,0,托马索,剧情
1,23,, 法国,,0,手拉手,
4,110, 汉语普通话, 中国大陆,,0,那一夜，我给你开过车,剧情
5,87, 英语, 英国,,0,梵高与日本,
5,, 法语, 法国,,0,纵情起舞,"剧情,喜剧"
4,100, 日语, 日本,,0,草莓之歌,"剧情,爱情,音乐"
2,80, 英语, 英国,,0,动物园负责人,"科幻,惊悚"
0,17, 山西方言, 中国大陆,,0,一叶知秋,
2,93, 英语," 加拿大 , 新西兰 , 爱尔兰 , 美国",,0,爹来靠,"喜剧,惊悚,恐怖"
0,, 英语, 香港,,0,林同学退学了,
40,, 日语, 日本,,0,恶之华,"剧情,爱情,惊悚"
4,86, 西班牙语, 阿根廷 Argentina,,0,家庭成员,"剧情,喜剧"
2,, 汉语普通话, 中国大陆,,0,奇迹探长之乱世谜踪,"剧情,悬疑,奇幻"
4,,, 法国,,0,Soleil d'hiver,
2,112, 英语, 美国,,0,不朽的战争2：死灰复燃,动作
0,, 汉语普通话, 中国大陆,,0,对岸,
3,100, 汉语普通话, 中国大陆,,0,桂香街,剧情
8,86, 汉语普通话, 中国大陆,,0,古窑迷踪,"惊悚,恐怖"
16,," 汉语普通话 , 英语", 中国大陆,,0,两块钱之钱途太,"剧情,喜剧,爱情"
1,, 汉语普通话, 台湾,,0,蚵丰村,剧情
0,, 英语, 美国,,0,罗茜计划,爱情
3,, 汉语普通话, 中国大陆,,0,回南天,剧情
12,, 汉语普通话, 中国大陆,,0,你说我是谁,喜剧
1,94, 英语, 澳大利亚,,0,小怪兽,"喜剧,恐怖"
5,79, 韩语, 韩国,,0,守护天使的故事,剧情
2,90, 日语, 日本,,0,钢铁少女 FINAL WARS,"动作,科幻"
1,44, 英语, 美国,,0,小马国女孩 春假风云,"动画,儿童,冒险"
4,84, 日语, 日本,,0,歌之王子殿下2019剧场版,"动画,音乐"
2,87, 汉语普通话, 中国大陆,,0,浴血边关,剧情
1,62, 汉语普通话, 中国大陆,,0,校园往事,"剧情,喜剧,动作"
2,166, 英语, 美国,,0,沉默风暴：罗恩.阿泰斯特的故事,
3,88, 汉语普通话, 中国大陆,,0,不测之渊,动作
3,104, 日语, 日本,,0,琥珀,剧情
0,, 日语, 日本,,0,生理酱,剧情
1,, 粤语, 香港,,0,木已成舟,
9,96," 粤语 , 汉语普通话", 香港,,0,辣警霸王花2,"剧情,喜剧,动作"
0,6, 陕西话, 中国大陆,,0,恶果,
11,, 汉语普通话, 中国大陆,,0,射雕英雄传,"动作,武侠"
46,, 英语, 美国,,0,驼背人,"恐怖,奇幻"
3,, 西班牙语, 西班牙,,0,你玩什么？,喜剧
10,110, 汉语普通话, 中国大陆,,0,小戏骨：黄飞鸿之狮王争霸,"剧情,动作,儿童,历史"
10,, 韩语, 韩国,,0,凤梧洞战斗,"剧情,动作"
9,, 汉语普通话, 中国大陆,,0,国之歌者,"剧情,历史"
20,, 英语, 英国,,0,节奏组,"动作,悬疑,惊悚"
25,, 日语, 日本,,0,遗愿清单,"剧情,喜剧,冒险"
2,, 英语, 法国,,0,怜悯恶魔,战争
9,, 汉语普通话, 中国大陆,,0,画个圈圈,"喜剧,科幻"
1,, 英语, 美国,,0,丹尼尔不是真的,惊悚
8,95,," 澳门 , 香港",,0,天马・警世录,"剧情,动作,悬疑"
6,, 汉语普通话, 中国大陆,,0,斩毒行动,"剧情,动作"
4,, 英语, 英国,,0,涂鸦,恐怖
3,92, 法语, 法国,,0,All Inclusive,喜剧
3,94, 西班牙语," 西班牙 , 哥斯达黎加",,0,蚂蚁的觉醒,
1,65, 汉语普通话, 中国大陆,,0,大明女神捕之南瓜怪谈,"动作,武侠"
2,89, 英语, 美国,,0,小孩都是魔鬼吧,"喜剧,家庭"
3,98, 汉语普通话, 中国大陆,,0,80后吹事班,
0,, 粤语, 香港,,0,大侦探福尔摩斯：逃狱大追捕,"动画,悬疑"
4,100, 马来语, 马来西亚,,0,优宾和怡宾：独猿神剑,
13,, 日语, 日本,,0,搬家的大名,
4,82, 汉语普通话, 中国大陆,,0,萤火奇兵2：小虫不好惹,"喜剧,动画,奇幻"
11,107, 日语, 日本,,0,地狱少女,恐怖
36,, 英语, 美国,,0,我在雨中等你,"剧情,喜剧"
0,, 汉语普通话, 中国大陆,,0,丑小鸭的天鹅湖,剧情
3,90, 汉语普通话, 中国大陆,,0,福星高照朱小八,"剧情,动画"
5,,, 美国,,0,埃德加多・摩尔塔拉的绑架,剧情
12,, 英语, 美国,,0,乔治敦,剧情
0,, 英语, 美国,,0,Abduction 101,恐怖
0,108, 俄语, 俄罗斯,,0,托博尔,"剧情,历史"
2,85," 加泰罗尼亚语 Catalan , 法语"," 西班牙 , 法国",,0,员工专用,剧情
1,113,, 美国,,0,神圣之地,恐怖
2,, 汉语普通话, 中国大陆,,0,牙线,"剧情,爱情,惊悚,同性"
2,," 西班牙语 , 汉语普通话", 阿根廷 Argentina,,0,从这里到中国,喜剧
1,,, 中国大陆,,0,民国密档之婚夜惊魂,
2,,, 台湾,,0,初潮,
0,62, 汉语普通话, 中国大陆,,0,解忧之父子除魔,喜剧
1,111, 日语, 日本,,0,侧颜,剧情
1,,, 中国大陆,,0,迟到的钢琴,
1,97,, 德国,,0,爱的零件,剧情
1,, 英语, 美国,,0,American Terror Story,恐怖
0,83, 英语, 美国,,0,重返恐怖旅社,"科幻,恐怖"
0,83, 韩语, 韩国,,0,谎言：女模特之性,情色
1,, 粤语, 香港,,0,2019H中A小姐x,真人秀
1,104, 西班牙语, 西班牙,,0,四罐,剧情
1,96, 俄语, 俄罗斯,,0,完美陌生人(俄罗斯版),"剧情,喜剧"
2,, 日语, 日本,,0,野晴臣イエロ`マジックショ`２,"音乐,真人秀"
2,107," 英语 , 西班牙语 , 汉语普通话 , 法语", 西班牙,,0,Boi,"剧情,喜剧,惊悚"
2,, 英语," 美国 , 法国",,0,吞咽,剧情
0,64, 汉语普通话, 中国大陆,,0,民国密档之死亡守则,"剧情,动作,悬疑"
1,93, 英语, 美国,,0,第16集,恐怖
1,, 日语, 日本,,0,女人心情的调整方式电影版,
1,95, 汉语普通话, 中国大陆,,0,点穴侠,"剧情,动作,爱情"
0,, 英Z English, 英 UK,,0,Mars Uncovered: Ancient God Of War,o片 Documentary
2,176, 泰米尔语, 印度,,0,超级豪华,"剧情,动作,犯罪"
0,44,, 加拿大 Canada,,0,我那片田园,
1,65, 汉语普通话, 中国大陆,,0,谁偷了我的宝贝,"剧情,喜剧"
0,54, 西班牙语, 美国,,0,Daniel Sosa: Maleducado,喜剧
2,, 日语, 日本,,0,我喜欢的女子,"喜剧,爱情"
0,, 英Z English, 英 UK,,0,Brian Cox on Holst’s The Planets,o片 Documentary
6,89, 汉语普通话, 中国大陆,,0,英雄无悔,剧情
3,, 德语, 德国,,0,拉腊,剧情
2,95, 汉语普通话, 中国大陆,,0,灶神来了,"喜剧,奇幻"
1,, 日语, 日本,,0,机甲少女 FRAME ARMS GIRL～高高兴兴的幻境～,动画
0,95,, 中国大陆,,0,这众所周知的事,
22,, 英语, 美国,,0,热气球飞行家,"动作,冒险"
8,, 日语, 日本,,0,不存在于记忆中,"剧情,喜剧"
9,137, 日语, 日本,,0,一个船夫的故事,剧情
15,, 日语, 日本,,0,HELLO WORLD,"爱情,动画"
0,108, 日语, 日本,,0,慈爱我主,
3,, 英语, 美国,,0,恶棍,"剧情,喜剧,惊悚"
9,, 英语, 英国,,0,等待安雅,"剧情,战争"
0,85,, 菲律宾,,0,Latay,
0,148, 汉语普通话, 中国大陆,,0,郁川浮游,剧情
0,, 汉语普通话, 中国大陆,,0,冰下的鱼,剧情
1,90, 汉语普通话, 中国大陆,,0,丛林大营救,"喜剧,儿童"
0,,, 俄罗斯,,0,铅笔,
2,, 韩语, 韩国,,0,鬼手,"动作,犯罪"
0,, 英语, 美国,,0,魔精攻击,"喜剧,科幻,恐怖"
0,, 马来语, 马来西亚,,0,一时一时的,剧情
88,, 日语, 日本,,0,午夜0时的吻,爱情
0,, 粤语, 香港,,0,GoGo Club,
1,, 英语, 美国,,0,The Creative Brain,
0,98, 斯洛文尼亚语," 斯洛文尼亚 , 意大利 , 克罗地亚",,0,悠悠夏日长,剧情
0,102, 意大利语, 意大利,,0,Non ci resta che il crimine,喜剧
0,, 汉语普通话, 中国大陆,,0,三生三世情缘未了,"爱情,奇幻"
2,, 汉语普通话, 中国大陆,,0,冷漠喂养冷漠,剧情
0,76, 汉语普通话, 香港,,0,不孝之犬,剧情
0,49, 英语, 美国,,0,Phantom Attack,"惊悚,恐怖"
0,, 英语, 美国,,0,Shellmont County Massacre,
1,112, 希伯来语, 以色列,,0,埃尼亚姆谢里,剧情
2,, 汉语普通话, 中国大陆,,0,霸道总裁俏女友,
3,, 俄语, 俄罗斯,,0,黑桃皇后2：鬼镜,恐怖
0,87, 英语, 美国,,0,地狱的贝儿,恐怖
0,,," 意大利 , 阿根廷",,0,Hogar,
0,68," 英语 , 越南语 Vietnamese", 美国,,0,Seadrift,
0,106, 印尼语," 印度尼西亚 , 马来西亚 , 法国",,0,登月荒言,剧情
0,106, 西班牙语, 墨西哥,,0,鸽子与狼,剧情
0,88, 英语, 美国,,0,Captain Hagen's Bed & Breakfast,喜剧
1,77, 英语, 英国,,0,Sara Pascoe Live: LadsLadsLads,
1,98,, 澳大利亚,,0,女足小将,"喜剧,爱情"
2,, 印地语 Hindi, 印度 India,,0,Mere Pyare Prime Minister,
0,90, 汉语普通话, 中国大陆,,0,最强二弟子之猪事大吉,"喜剧,奇幻"
2,107, 阿萨姆语, 印度,,0,Aamis,剧情
1,39, 汉语普通话, 中国大陆,,0,探索发现：邹城明王陵,
0,74, 英语, 美国,,0,Something Crashed in the Woods,"科幻,恐怖"
1,, 英语, 英国,,0,恐怖历史：电影,
1,98, 英语, 美国,,0,门槛,"剧情,惊悚,恐怖"
0,, 法语, 法国,,0,三天一生,惊悚
0,, 英语, 美国,,0,Bad Water,"科幻,恐怖"
1,, 汉语普通话, 台湾,,0,2019 hito流行音乐奖颁奖典礼,"音乐,真人秀"
0,,," 斯洛文尼亚 , 马其顿 , 塞尔维亚 , 克罗地亚",,0,Polsestra,剧情
1,90, 汉语普通话, 中国大陆,,0,兮笑姻缘,"喜剧,儿童,古装"
1,,, 美国,,0,异常,惊悚
0,,, 葡萄牙,,0,Technoboss,
0,, 英语, 美国,,0,小提琴手：奇迹的奇迹,
1,, 日语, 日本,,0,kまでの道をおしえて,
0,,," 英国 , 阿拉伯联合酋长国",,0,The Letter Writer,
77,, 汉语普通话, 中国大陆,,0,风平浪静,"剧情,悬疑"
0,, 汉语普通话, 中国大陆,,0,梦想沂蒙,剧情
0,, 意大利语, 意大利,,0,多尔切罗马,喜剧
0,,, 俄罗斯,,0,Клятва,剧情
0,90, 汉语普通话, 中国大陆,,0,婚前故事,爱情
0,, 日语, 日本,,0,猡铯欷啃碾踊 XXX（トリプルエックス） 15,
0,,, 日本,,0,踊 21,
0,93, 汉语普通话, 中国大陆,,0,打开心中的门,剧情
0,, 英语, 英国,,0,静静地制造噪音,剧情
0,, 英语, 美国,,0,Crshd,喜剧
1,, 汉语普通话, 中国大陆,,0,海面上漂过的奖杯,剧情
0,106, 韩语, 韩国,,0,竹岛冲浪日记,"剧情,运动"
1,, 西班牙语, 西班牙,,0,阿布洛斯,"剧情,喜剧"
2,150, 泰卢固语, 印度,,0,Falaknuma Das,"动作,爱情,惊悚"
0,83, 英语, 美国,,0,Avalanche,"剧情,喜剧"
1,, Portuguese, Brazil,,0,Primos,"剧情,喜剧,爱情"
1,, 荷兰语, 荷兰,,0,100% Coco New York,
1,50, 英语, 英国,,0,Inside The Secret World of Incels,
0,95, 德语, 德国,,0,前奏,剧情
1,153, 泰卢固语, 印度,,0,黛瓦克伊小姐,剧情
1,236, 英语, 美国,,0,极限规则2019,"动作,运动"
0,, 汉语普通话, 台湾,,0,第21届台北电影节颁奖典礼,真人秀
1,78, 汉语普通话, 中国大陆,,0,火线行动,"动作,犯罪"
1,, 法语, 法国,,0,Persona non grata,剧情
0,52, 日语, 日本,,0,Rゾンビナイト,
0,, 日语, 日本,,0,游荡的肉体,动画
0,, 日语, 日本,,0,若妻トライアングル ぎゅっとしめる,
0,130, 汉语普通话, 中国大陆,,0,至尊先生,"喜剧,动作,奇幻"
0,, 汉语普通话, 中国大陆,,0,小小家长,
0,, 汉语普通话, 中国大陆,,0,三国之战神无双,"历史,武侠"
0,, 汉语普通话, 中国大陆,,0,奇异世界历险记,"喜剧,动画,冒险"
0,,," 美国 , 英国 , 菲律宾",,0,On the President's Orders,
60,108, 日语, 日本,7.3,35,母亲去世时，我甚至想吃掉她的遗骨,
0,99, 英语, 美国,,0,三傻抛尸记,"剧情,喜剧"
0,130, 波斯语, 伊朗,,0,Metri Shesh Va Nim,"剧情,动作,犯罪"
0,90, 英语, 英国,,0,Bradford City vs Liverpool,运动
41,," 英语 , 德语", 德国,7.9,40,第69届柏林国际电影节颁奖典礼,真人秀
0,30, 日语, 日本,,0,もう走りたくない,
0,15, 汉语普通话, 香港,,0,我，满意,"剧情,动作,悬疑"
0,, 英语, 美国,,0,Sandbagger,
0,,, 法国,,0,Dario Argento: Soupirs dans un corridor lointain,
1,91, 西班牙语, 哥伦比亚,,0,El Que Se Enamora Pierde,喜剧
0,, 葡萄牙语, 巴西,,0,Cinderela Pop,"爱情,家庭"
0,, 汉语普通话, 中国大陆,,0,第17届电影百合奖颁奖礼,真人秀
1,85, 英语, 美国,,0,America the Beautiful,"惊悚,犯罪"
0,,, 越南,,0,单身通知,"喜剧,爱情"
0,88," 德语 , 英语", 奥地利,,0,惊域,"剧情,悬疑,恐怖"
254,85, 汉语普通话, 中国大陆,,0,猪猪侠・不可思议的世界,动画
1,76, 法语," 法国 , 比利时",,0,对你来说太比利时了,喜剧
56,, 英语, 美国,4.0,20,麻辣女孩,"喜剧,动作,冒险"
18,, 英语, 美国,,0,功夫梦2,"剧情,动作"
70,97, 英语, 美国,4.5,25,秘恋,"剧情,惊悚"
71,60, 英语, 美国,5.8,30,凯文・哈特：黑人历史指南,喜剧
170,86, 英语, 美国,5.6,30,单刀直入,"动作,惊悚"
69,100, 日语, 日本,5.3,25,映画 少年们,音乐
2,104," 日语 , 英语 , 泰语", 日本,6.0,30,38岁的伊丽卡,"剧情,犯罪"
110,93, 日语, 日本,4.8,25,多十郎殉爱记,剧情
90,116,," 中国大陆 , 日本",6.2,30,离秋,剧情
36,, 韩语, 韩国,6.4,30,再次，春天,剧情
38,117, 日语, 日本,6.3,30,我要加油！,
110,110,, 中国大陆,6.2,30,冬去冬又来,
51,111, 日语, 日本,6.5,35,不要哭，赤鬼,
124,145, 英语, 美国,6.6,35,2019第76届金球奖颁奖典礼,真人秀
109,, 粤语, 香港,6.5,35,第38届香港电影金像奖颁奖典礼,真人秀
145,, 英语," 美国 , 英国 , 加拿大",,0,亚当斯一家,"喜剧,动画,家庭,奇幻"
66,102, 汉语普通话, 中国大陆,,0,绝色营救,动作
83,66, 汉语普通话, 中国大陆,,0,新白蛇传之黑山老妖,"动作,爱情,奇幻,古装"
52,93, 汉语普通话, 中国大陆,,0,西游传奇之宝象国斗神纪,"喜剧,动作,爱情,奇幻"
33,90, 汉语普通话, 中国大陆,,0,夺命杀机,"悬疑,惊悚,犯罪"
59,100, 汉语普通话, 中国大陆,,0,逆罪,"悬疑,惊悚"
139,92, 汉语普通话, 中国大陆,,0,命之途,"动作,武侠"
4,,, 美国,,0,2067,科幻
241,, 英语, 美国,,0,布鲁克林孤儿,"剧情,犯罪"
86,84, 汉语普通话, 中国大陆,,0,大武师,"剧情,动作"
78,104, 汉语普通话, 中国大陆,,0,战神蚩尤,"动作,爱情,奇幻"
131,140, 汉语普通话, 中国大陆,,0,小梅,"剧情,家庭"
22,74, 汉语普通话, 中国大陆,,0,恋上女镖师,"喜剧,古装"
52,60, 汉语普通话, 中国大陆,,0,逃离今日计划,"喜剧,奇幻"
23,, 马拉雅拉姆语, 印度,,0,爱在年少时,"喜剧,爱情"
60,98, 重庆方言, 中国大陆,,0,白云・苍狗,"剧情,家庭"
355,, 汉语普通话, 中国大陆,,0,她杀,"剧情,悬疑,犯罪"
46,107, 印地语, 印度,,0,木生日光下,剧情
63,90, 汉语普通话, 中国大陆,,0,碟仙实录,惊悚
39,, 汉语普通话, 中国大陆,,0,2019年中央广播电视总台网络春晚,"音乐,歌舞,真人秀"
162,, 汉语普通话, 中国大陆,,0,画皮Ⅲ,"剧情,奇幻,古装"
31,75, 汉语普通话, 中国大陆,,0,逃跑计划,"喜剧,爱情"
266,108, 汉语普通话, 中国大陆,,0,财迷,"剧情,喜剧"
43,87, 汉语普通话, 中国大陆,,0,米果的秋天,"剧情,儿童"
33,90, 日语, 日本,,0,大龄美女想相亲,爱情
26,, 汉语普通话, 中国大陆,,0,2019年东方卫视春节联欢晚会,真人秀
31,60, 汉语普通话," 中国大陆 , 德国 , 塞尔维亚",,0,春暖花开,剧情
33,90,," 阿根廷 Argentina , 德国 , 巴西 Brazil , 西班牙",,0,绿色星球的简史,剧情
29,87, 汉语普通话, 中国大陆,,0,武林：恍魂刀,"悬疑,武侠"
69,, 汉语普通话, 中国大陆,,0,大闹东海,"喜剧,动作"
28,60, 汉语普通话, 中国大陆,,0,欲望森林,剧情
58,, 汉语普通话, 中国大陆,,0,神龙诀之千年灵狐,"喜剧,爱情,奇幻"
31,98, 西班牙语, 西班牙,,0,一份工作与一部电影,剧情
35,103," 汉语普通话 , 重庆话", 中国大陆,,0,乘客,剧情
2,, 英语, 美国,,0,后裔3,"歌舞,家庭,冒险"
15,87, 汉语普通话, 中国大陆,,0,刺客2,"战争,古装"
47,102, 汉语普通话, 中国大陆,,0,穿越时空的呼唤,剧情
24,78,, 中国大陆,,0,欢喜邻居霸道爱,"剧情,喜剧"
42,, 汉语普通话, 中国大陆,,0,特殊保镖,动作
65,120," 汉语普通话 , 英语 , 上海话", 中国大陆,,0,上海王2,"剧情,动作,爱情"
51,, 汉语普通话, 中国大陆,,0,与青春有关的日子,剧情
43,90, 汉语普通话, 中国大陆,,0,清枫传奇,"爱情,古装"
26,113, 俄语, 俄罗斯,,0,兄弟会,"剧情,战争"
17,76, 汉语普通话, 中国大陆,,0,无品大将美人面,"剧情,爱情,古装"
18,60, 英语, 美国,,0,周六夜现场：亚当・桑德勒/肖恩・蒙德兹,"喜剧,脱口秀"
57,79, 汉语普通话, 中国大陆,,0,顺疯车2,喜剧
29,115, 英语, 英国,,0,理查二世,剧情
23,97, 汉语普通话, 中国大陆,,0,温暖之城之红日亭,剧情
31,122, 挪威语," 挪威 , 瑞典 , 丹麦",,0,外出偷马,剧情
37,," 英语 , 法语 , 阿拉伯语 , 卢森堡语", 卢森堡,,0,萨米尔的奇遇,"剧情,喜剧"
28,128, 日语, 日本,,0,肇事逃逸，最好的最糟之日,剧情
27,80, 韩语, 韩国,,0,像狗像乞丐一样美丽,剧情
28,, 汉语普通话, 中国大陆,,0,安徽卫视2018国剧盛典,
30,80," 斯洛文尼亚语 , 意大利语", 斯洛文尼亚,,0,罗莎,剧情
188,104, 汉语普通话, 中国大陆,,0,东北往事之二十年,"剧情,动作,犯罪"
58,, 英语, 美国,,0,Beauty,奇幻
18,120, 日语, 日本,,0,武藏,"动作,历史"
20,101, 日语, 日本,,0,学园孤岛 真人版,
17,92, 汉语普通话, 中国大陆,,0,咏叹岛谋杀案,"悬疑,惊悚"
17,96, 英语, 英国,,0,小岛,"恐怖,奇幻"
26,80, 葡萄牙语, 巴西,,0,欧思马：长面包的第一片,动画
373,, 汉语普通话, 中国大陆,,0,侍神令,奇幻
33,98, 希伯来语 Hebrew, 以色列 Israel,,0,我走之后,剧情
26,80, 日语, 日本,,0,螺栓,"剧情,奇幻,灾难"
24,98, 英语, 美国,,0,海豹突击队大战奇妙外星人,动作
22,166, 汉语普通话, 中国大陆,,0,不能自拔,"剧情,动作"
13,97, 汉语普通话, 中国大陆,,0,菲凡记忆,"喜剧,爱情,奇幻"
16,, 法语, 法国,,0,我们终将在一起,"剧情,喜剧"
20,120, 意大利语, 意大利,,0,天助吾友,剧情
8,, 汉语普通话, 中国大陆,,0,2019年江苏卫视春节联欢晚会,真人秀
5,71, 日语, 日本,,0,神秘的神社少女,
11,76, 韩语, 韩国,,0,邻家小姐,情色
0,270, 汉语普通话, 中国大陆,,0,2019年中央电视台春节联欢晚会,真人秀
11,, 汉语普通话, 中国大陆,,0,2019电视剧品质盛典,脱口秀
15,90, 汉语普通话, 中国大陆,,0,长官传奇,"传记,历史"
6,218, 汉语普通话, 中国大陆,,0,2019年安徽卫视春节联欢晚会,"歌舞,真人秀"
49,, 汉语普通话, 中国大陆,,0,盗墓笔记2,"奇幻,冒险"
21,88, 汉语普通话, 中国大陆,,0,疯癫和尚之再续前缘,"喜剧,奇幻"
21,93, 汉语普通话, 中国大陆,,0,直播攻略,"喜剧,爱情"
8,, 汉语普通话, 中国大陆,,0,罪美人,"喜剧,动作,爱情"
13,, 汉语普通话, 中国大陆,,0,智齿,
11,65, 英语, 美国,,0,塞巴斯蒂安・马尼斯科：保持饥饿,喜剧
83,, 汉语普通话, 中国大陆,,0,我的师父姜子牙,动画
22,,, 中国大陆,,0,就位确认,
9,120," 粤语 , 汉语普通话", 中国大陆,,0,慕伶，一鸣，伟明,剧情
18,, 汉语普通话, 中国大陆,,0,纸船家庭,"剧情,家庭"
43,100, 汉语普通话, 中国大陆,,0,我想静静,喜剧
20,102, 汉语普通话, 中国大陆,,0,庖丁传奇之金刀御厨,剧情
18,, 汉语普通话, 中国大陆,,0,龙宫女刺客之大明女监,"剧情,动作,悬疑"
167,,, 美国,,0,神经漫游者,科幻
19,64, 汉语普通话, 中国大陆,,0,仙猫传,"爱情,奇幻"
16,, 英语, 美国,,0,她她恋曲电影版,"剧情,喜剧,爱情"
22,, 汉语普通话," 中国大陆 , 香港",,0,蜀山：黑暗的黎明,"动作,奇幻"
21,115, 法语, 法国,,0,美好年代,
15,, 汉语普通话, 台湾,,0,喜从天降,"喜剧,爱情"
28,, 汉语普通话, 中国大陆,,0,古剑千古情,"剧情,奇幻"
0,,,,,0,我朋友的婶婶,
0,,,,,0,2019年央视五四晚会,
0,,,,,0,剑舞,
0,,,,,0,情归长安,
0,,,,,0,大明野史之锦衣狱,
0,,,,,0,萨尔玛的夙愿,
19,92, 汉语普通话, 中国大陆,,0,菜鸟胡莱,"剧情,喜剧,犯罪"
17,100, 汉语普通话, 中国大陆,,0,我们回家吧,"剧情,家庭"
0,,,,,0,阿尔法,
0,,,,,0,初恋的滋味,
0,,,,,0,尽头,
24,116, Hindi, 印度,,0,恶魔,恐怖
0,,,,,0,一生有你,
0,,,,,0,星游记之风暴法米拉II,
539,, 汉语普通话, 中国大陆,,0,兰心大剧院,剧情
0,,,,,0,抢救失业大作战,
0,,,,,0,人间失格：太宰治和三个女人们,
0,,,,,0,功夫,
0,,,,,0,龙牌之谜,
0,,,,,0,照片,
0,,,,,0,喀布尔的燕子,
0,,,,,0,丹尼尔的脸,
0,,,,,0,永恒之光,
0,,,,,0,时光慢递,
0,,,,,0,罗马尼亚末代王后,
0,,,,,0,八部半,
0,,,,,0,何仙姑修仙记,
0,,,,,0,再见深蓝,
0,,,,,0,三姐妹的故事,
0,,,,,0,陌生人的善意,
0,,,,,0,德弗里维利,
0,,,,,0,皇家爱丁堡军乐节,
0,,,,,0,Roy Wood Jr.: No One Loves You,
0,,,,,0,闪虾亮晶晶,
0,,,,,0,麦穗黄了,
0,,,,,0,放歌新时代：2019元旦晚会,
0,,,,,0,真・三国无双,
0,,,,,0,天坑鹰猎,
0,,,,,0,秒速5厘米,
0,,,,,0,今天也是招人嫌的便当,
0,,,,,0,2019湖南卫视春节联欢晚会,
0,,,,,0,马背传奇,
0,,,,,0,枪炮腰花,
0,,,,,0,魔游纪Ⅱ烈风峡谷,
0,,,,,0,2019湖南卫视元宵晚会,
0,,,,,0,周六夜现场：约翰・木兰尼/托马斯・瑞德,
0,,,,,0,周六夜现场：瑞秋・布罗斯纳安/Greta Van Fleet,
0,,,,,0,拥抱春天―2019深圳春节联欢晚会,
0,,,,,0,呼伦贝尔城,
0,,,,,0,爱尔兰人,
0,,,,,0,我口袋里的女朋友,
0,,,,,0,2019年辽宁卫视春节联欢晚会,
0,,,,,0,斗破苍穹,
0,,,,,0,古井凶灵,
0,,,,,0,动物特工局,
0,,,,,0,要活着去天堂,
0,,,,,0,黄飞鸿之狮魂觉醒,
0,,,,,0,醒来之爱的呼唤,
0,,,,,0,一品爵爷,
0,,,,,0,魔法奇缘2：解除魔法,
0,,,,,0,情圣2,
0,,,,6.6,35,蝙蝠侠：缄默,
0,,,,6.7,35,美味家族,
0,,,,6.7,35,第30届台湾金曲奖颁奖典礼,
0,,,,6.9,35,俄国青年,
0,,,,,0,到巴黎去,
0,,,,,0,黄飞鸿之王者无敌,
0,,,,,0,Just Say Goodbye,
0,,,,,0,穿过灰烬,
0,,,,,0,甲米，佛历2562年,
0,,,,,0,海上孤舟,
0,,,,,0,七夕血案,
0,,,,,0,国之语音,
0,,,,,0,“新的旅程”SNH48 GROUP第六届偶像年度人气总决选演唱会,
0,,,,,0,盖世麻神,
0,,,,,0,イソップの思うツボ,
0,,,,,0,铁血英魂杨靖宇,
0,,,,,0,默片解说员,
0,,,,,0,御前捉妖师,
0,,,,,0,一切安好,
0,,,,,0,爱探险的朵拉：消失的黄金城,
0,,,,,0,恋曲1980,
0,,,,,0,银影侠,
0,,,,,0,肥龙过江,
0,,,,,0,2019张杰【未・LIVE】全球巡回演唱会 上海站,
0,,,,,0,孤儿院,
0,,,,,0,舞出我人生之舞所不能,
0,,,,,0,分享,
0,,,,,0,渔民的朋友,
0,,,,,0,岭上花开,
0,,,,,0,将军愿,
0,,,,,0,三年,
0,,,,,0,消失的女友,
0,,,,,0,僵尸儿童,
0,,,,,0,王者无敌苏乞儿,
0,,,,,0,平行世界・爱情故事,
0,,,,,0,铁拳雄心,
0,,,,,0,临阵脱逃,
0,,,,,0,5英尺洞穴传奇,
0,,,,,0,皮皮虾总裁,
0,,,,,0,弑睡师,
0,,,,,0,琼斯先生,
0,,,,,0,心琴调音师,
0,,,,4.7,25,幽灵车：复仇之路,
0,,,,,0,汝海风云,
0,,,,4.9,25,新奇士家族,
0,,,,5.1,25,凛,
0,,,,,0,夏日烟火,
0,,,,5.4,25,动物方言,
0,,,,7.0,35,第四面墙,
0,,,,7.1,35,离开,
0,,,,,0,再见夏天,
0,,,,,0,运动员～我沉溺于他的日子～,
0,,,,,0,利刃出鞘,
0,,,,,0,可不可以不勇敢,
0,,,,,0,婚礼之后,
0,,,,,0,街舞青春,
0,,,,,0,天真派：杨门女将,
0,,,,,0,怪物少女,
0,,,,,0,傻傻爱你，傻傻爱我,
0,,,,,0,都是我的儿子,
0,,,,,0,梦断影都,
0,,,,,0,生态箱,
0,,,,,0,主,
0,,,,,0,第十届中国电影导演协会年度奖,
0,,,,,0,美国出口,
0,,,,,0,我失去了身体,
0,,,,,0,超兴奋的朋友妈妈,
0,,,,,0,孤胆江湖,
0,,,,,0,金色韶华,
0,,,,,0,第26届东方风云榜音乐盛典,
0,,,,,0,心理测量者SS3,
0,,,,,0,和阿姨同居的日子,
0,,,,,0,唐小小的魔法天台,
0,,,,,0,我拿什么拯救你,
0,,,,,0,爱笑种梦室之东北佳人,
0,,,,,0,唐砖之地狱花谷,
0,,,,,0,猎枭行动,
0,,,,,0,特勤精英之生死救援,
0,,,,6.5,35,光,
0,,,,6.6,35,野兽,
0,,,,,0,我们在行动 第三季,
0,,,,6.1,30,土生子,
0,,,,6.1,30,成大器者,
0,,,,6.7,35,浮世画家,
0,,,,6.5,35,记忆回放,
0,,,,6.6,35,复仇,
0,,,,,0,iSmart Shankar,
0,,,,,0,信任之剑,
0,,,,,0,声优红白歌会,
0,,,,,0,ZOMBIES,
0,,,,,0,一百公斤的星星,
0,,,,,0,美女蛇岛求生,
0,,,,,0,超力少女,
0,,,,,0,野雀之诗,
0,,,,,0,夜车司机：全程,
0,,,,,0,等到烟暖雨收,
0,,,,,0,魔厨,
0,,,,,0,暴雨救援,
0,,,,,0,出轨同学会2,
0,,,,5.2,25,马里布救生队,
0,,,,,0,脏鬼约翰：丑陋真相,
0,,,,,0,宝塔镇河妖2绝世妖龙,
0,,,,5.3,25,致命玩笑,
0,,,,5.9,30,漫威崛起：幽灵蜘蛛,
0,,,,5.4,25,勇敢者,
0,,,,,0,温暖的寒冬,
0,,,,5.4,25,致命出轨,
0,,,,5.8,30,老妈上路,
0,,,,,0,我在你床下,
0,,,,4.6,25,相会在昨天,
0,,,,,0,黑桃皇后,
0,,,,,0,黄子韬2019 IS BLUE演唱会,
0,,,,,0,锦衣卫之残阳如血,
0,,,,,0,龙棺古墓2亡灵之花,
0,,,,,0,家庭,
0,,,,,0,风再起时,
0,,,,6.8,35,西比勒,
0,,,,,0,战金刚,
0,,,,6.8,35,第61届格莱美奖颁奖典礼,
0,,,,6.9,35,邻居同居2,
0,,,,,0,我在社区当片儿警,
0,,,,,0,中国制造,
0,,,,,0,小小的愿望,
0,,,,,0,你好现任,
0,,,,6.7,35,王室教师海涅剧场版,
0,,,,,0,丑娃娃,
0,,,,6.5,35,町田君的世界,
0,,,,7.2,35,凯萨里,
0,,,,,0,晴空碎玻璃,
0,,,,,0,小姨子的姐妹情谊,
0,,,,7.0,35,恐龙蛋,
0,,,,,0,卫校男生：青春反击战,
0,,,,7.4,35,春潮,
0,,,,7.6,40,下町火箭 新春SP,
0,,,,6.7,35,鬼镇事件簿,
0,,,,6.8,35,作家的谎言,
0,,,,6.9,35,番石榴岛,
0,,,,8.0,40,还在这里,
0,,,,7.2,35,狂赌之渊 电影版,
0,,,,7.2,35,同义词,
0,,,,,0,超时空心跳,
0,,,,7.7,40,与我跳舞,
0,,,,,0,疯狂的麦克斯5：废土,
0,,,,4.3,20,男人四十上高中,
0,,,,6.0,30,疑惑,
0,,,,3.4,15,我制服了魔鬼,
0,,,,3.4,15,我的宠物是大象,
0,,,,,0,茶花女,
0,,,,7.8,40,Jo Koy: Comin' in Hot,
0,,,,7.6,40,旺达・塞克丝：不正常,
0,,,,7.8,40,城市猎人,
0,,,,5.8,30,选美小姐,
0,,,,4.9,25,50米之恋,
0,,,,7.5,40,鲁邦三世：再见搭档,
0,,,,6.0,30,节拍救赎,
0,,,,6.1,30,砂之器,
0,,,,,0,冠军的心,
0,,,,3.8,20,东北插班生2虎啸风声,
0,,,,4.7,25,醉酒夫妻,
0,,,,4.6,25,泰渝记,
0,,,,,0,马耳“她”,
0,,,,6.3,30,天空餐厅,
0,,,,,0,恰好遇见你,
0,,,,,0,合法伴侣,
0,,,,6.2,30,永生之地,
0,,,,5.5,30,锈溪惊魂,
0,,,,8.9,45,蜡笔小新：新婚旅行飓风之遗失的野原广志,
0,,,,5.8,30,你不是一个人,
0,,,,6.1,30,寻车奇遇,
0,,,,5.5,30,监视,
0,,,,8.8,45,青春期猪头少年不做怀梦少女的梦,
0,,,,,0,海角上的兄妹,
0,,,,7.5,40,必是天堂,
0,,,,5.8,30,伏妖白鱼镇2,
0,,,,5.3,25,柏林，我爱你,
0,,,,7.5,40,海兽之子,
0,,,,,0,弗兰肯斯坦的怪物的怪物，弗兰肯斯坦,
0,,,,5.9,30,比利小子,
0,,,,,0,三流勇士,
0,,,,4.9,25,毒玫瑰,
0,,,,5.9,30,机器生活,
0,,,,,0,侣行攻略之确认你是我的人,
0,,,,8.1,40,漫长的告别,
0,,,,5.6,30,刀剑乱舞 电影版,
0,,,,5.8,30,倾听男人心,
0,,,,5.9,30,大汉十三将之血战疏勒城,
0,,,,7.3,35,学区房72小时,
0,,,,7.3,35,鹈鹕的故事,
0,,,,6.2,30,卧底罗密欧,
0,,,,6.6,35,独家记忆番外之相信爱,
0,,,,7.7,40,词典,
0,,,,3.6,20,我唾弃你的坟墓：似曾相识,
0,,,,6.0,30,芳龄十六,
0,,,,8.8,45,难道就只有我心动吗 第二季,
0,,,,,0,冰雪奇缘2,
0,,,,5.7,30,在乎你,
0,,,,,0,梦想之战：踢球吧阿妹,
0,,,,7.1,35,音乐家,
0,,,,6.3,30,白雪公主,
0,,,,4.2,20,匿名杀手,
0,,,,6.7,35,复仇者,
0,,,,4.9,25,独家记忆番外之勇敢爱,
0,,,,,0,沉默的证人,
0,,,,6.2,30,第一个国王,
0,,,,6.5,35,独家记忆番外之再见爱,
0,,,,7.7,40,伊莉莎与玛瑟拉,
0,,,,5.8,30,俘虏国度,
0,,,,4.8,25,战斗民族养成记,
0,,,,5.5,30,死寂逃亡,
0,,,,6.3,30,神奇乐园历险记,
0,,,,5.3,25,多米诺骨牌,
0,,,,6.1,30,宁静,
0,,,,6.7,35,名侦探柯南：绀青之拳,
0,,,,3.3,15,九龙不败,
0,,,,4.6,25,史黛拉失踪事件簿,
0,,,,7.2,35,野马,
0,,,,4.8,25,非分熟女,
0,,,,5.0,25,恭喜八婆,
0,,,,6.1,30,狗眼看人心,
0,,,,2.7,15,四目先生,
0,,,,6.4,30,姐姐,
0,,,,5.8,30,雪之华,
0,,,,7.1,35,仲夏夜惊魂,
0,,,,4.7,25,水怪,
0,,,,6.6,35,乐高大电影2,
0,,,,8.0,40,小委托人,
0,,,,7.3,35,吾乃母亲,
0,,,,6.6,35,忌日快乐2,
0,,,,5.7,30,最好的我们,
0,,,,6.9,35,一条狗的使命2,
0,,,,7.2,35,密室逃生,
0,,,,6.0,30,X战警：黑凤凰,
0,,,,6.0,30,反贪风暴4,
0,,,,6.0,30,地狱男爵：血皇后崛起,
0,,,,5.7,30,新喜剧之王,
0,,,,6.5,35,“大”人物,
